0,1,2,3,4,5,6,7,8,9,10,11,12,13,14,15,16,17,18,19,20,21,22,23
12389.815,12193.661,11949.627,11648.035,11517.005,11615.096,11729.864,11898.155,12068.272,12129.684,12231.22,12157.087,12036.781,12148.183,12366.359,12522.66,12634.395,12806.051,12916.719,12929.255,12916.939,12874.264,12838.533,12794.495
12729.785,12630.155,12513.876,12384.179,12267.355,12236.801,12254.85,12231.194,12125.586,11982.987,11934.514,11771.583,11457.134,11065.869,10728.326,10552.564,10141.762,9727.666,9661.544,9820.916,9924.279,10036.913,10756.605,11475.187
11720.478,11679.421,11475.13,11231.66,10704.702,10038.997,9662.619,9610.25,9680.943,9639.061,9815.523,9932.289,9696.083,9172.135,8839.979,8744.35,8551.213,8440.345,8479.699,8350.26,8079.509,7733.713,7805.087,8177.935
8351.739,8272.032,8096.083,7968.889,7101.067,6087.761,5824.832,6205.986,6445.676,6445.7,6473.284,6445.786,5865.138,4912.649,4208.734,3765.638,3710.091,4004.816,4836.067,5801.035,6482.763,6832.093,7225.652,7574.803
7840.17,8271.907,8701.003,9093.792,8873.851,8218.886,7574.844,6941.976,6200.365,5585.821,6025.4,6995.502,7610.43,7856.333,7892.754,8049.33,7805.026,7428.092,7343.657,7323.683,7071.179,6636.92,6644.918,6722.777
6408.755,5984.437,5732.896,5783.703,5863.523,5910.941,6076.832,6312.031,6482.637,6511.446,6698.212,6703.67,6557.223,6395.761,6203.419,6113.788,5734.471,5116.327,4829.473,4742.461,4560.501,4082.851,3900.284,3831.822
3609.946,3372.311,3321.53,3359.671,2969.195,2483.02,2246.302,2187.167,2203.879,2088.881,2044.485,2027.6,1909.381,1752.103,1652.999,1769.463,1992.328,2276.543,2550.518,2799.181,3015.323,3188.922,3499.57,3835.439
4120.164,4285.268,4486.597,4753.116,4884.436,4846.358,4752.959,4629.834,4484.642,4294.918,4152.648,3952.591,3609.598,3167.533,2782.056,2485.194,2345.506,2355.436,2546.568,2878.39,3228.827,3517.166,3843.095,4157.297
4247.288,4309.931,4473.542,4717.756,4697.196,4439.0,4231.781,4143.296,3933.201,3551.361,3419.561,3499.475,3530.603,3527.48,3521.243,3609.853,3392.562,3053.159,2864.641,2790.352,2646.37,2288.807,2197.426,2290.919
2301.226,2413.598,2741.372,3309.593,3745.959,4015.995,4204.092,4245.643,4164.109,4043.186,4021.299,4016.059,4015.685,3963.658,3950.6,4148.044,4206.937,4202.337,4169.152,4082.328,3809.008,3458.714,3062.313,2737.4
2614.072,2762.482,3089.148,3426.006,3545.529,3499.176,3360.372,3174.315,2986.229,2902.085,3057.934,3260.361,3302.827,3253.357,3293.099,3499.467,3713.554,3814.111,3891.492,4037.744,4166.614,4070.821,3641.943,3088.944
2635.258,2344.434,2168.561,2160.799,2241.711,2345.347,2395.751,2394.926,2394.907,2452.531,2660.916,3015.206,3467.936,3900.575,4317.446,4677.561,4888.821,4919.171,4920.468,4925.761,4788.321,4553.658,4514.411,4672.851
4841.321,4945.572,5036.926,5156.952,5160.459,5159.225,5289.213,5506.114,5692.14,5710.343,5783.302,5891.683,5863.641,5884.608,6150.513,6748.337,7287.57,7646.041,8014.52,8377.574,8590.107,8589.969,8691.459,8839.568
8808.222,8804.591,8854.068,8850.004,8737.926,8736.224,8969.823,9344.888,9678.211,9961.906,10246.95,10368.716,10284.563,10049.522,9903.542,9891.242,9770.47,9519.502,9375.987,9433.461,9509.449,9428.646,9331.422,9190.732
9024.086,8897.037,8913.712,9133.103,9300.97,9469.87,9742.471,9985.302,10133.506,10221.728,10469.871,10637.787,10505.253,10116.47,9770.382,9667.436,9674.23,9679.979,9679.571,9752.106,9768.231,9664.625,9509.084,9271.127
8902.025,8473.892,8049.145,7756.451,7287.57,6703.692,6478.56,6620.74,6709.239,6617.678,6803.553,7323.682,7879.295,8318.335,8507.219,8589.981,8618.364,8596.57,8626.113,8768.769,8928.069,8881.708,8589.941,8066.269
7620.315,7472.316,7681.819,8067.623,8401.905,8633.109,8688.909,8622.935,8392.261,8056.501,8006.415,8133.75,8222.561,8184.581,8151.689,8261.732,8352.157,8479.705,8673.704,8827.435,8722.34,8384.354,8219.783,8242.234
8272.137,8233.555,8239.214,8403.363,8448.096,8421.833,8507.363,8679.674,8858.108,8933.029,8774.622,8499.536,8168.792,7769.856,7449.621,7444.59,7610.416,7840.181,8049.121,8318.232,8473.917,8423.119,8484.836,8673.013
8710.794,8398.376,7962.404,7603.568,7179.05,6796.059,6409.013,6242.487,6324.514,6408.901,6482.662,6538.041,6366.814,5812.764,5060.601,4353.01,3812.991,3693.914,4016.189,4779.729,5439.767,5705.013,5793.028,5750.796
5518.201,5234.926,5198.888,5369.409,5505.549,5742.682,6085.85,6407.395,6617.978,6766.469,7173.76,7734.554,8182.037,8380.776,8277.236,8238.584,8237.973,8049.204,7840.1,8014.683,8535.224,9140.349,9816.3,10496.306
10894.903,11124.266,11243.433,11236.837,11074.935,10940.935,10963.04,11007.666,11055.248,10983.023,10911.021,10729.997,10364.802,10026.035,9796.034,9710.266,9534.623,9144.137,8718.868,8550.768,8668.915,8881.868,9048.556,9200.611
9355.277,9722.381,10195.925,10617.044,11310.965,11837.106,12080.575,12247.667,12295.147,12256.099,12233.807,12188.419,12067.894,11851.695,11533.549,11318.777,11189.83,11111.401,11096.379,11094.832,11013.781,10845.457,10747.649,10813.483
10929.52,11094.872,11278.004,11534.029,11726.023,11798.598,11769.909,11660.667,11382.907,10897.028,10289.593,9696.547,9181.259,8945.305,8881.245,8890.628,9135.7,9503.169,9752.691,9991.439,10157.801,10164.88,10012.955,9751.227
9410.871,8945.653,8507.471,8316.089,8272.047,8072.144,7794.329,7455.781,7160.753,6868.814,6442.654,5947.735,5663.754,5567.336,5736.578,6168.634,6941.998,7805.016,8503.872,8945.69,9053.175,8929.821,8622.676,8289.93
8064.789,7959.976,8008.968,7898.316,8237.97,8858.176,9455.811,9891.436,10199.883,10472.862,10528.286,10183.44,9568.866,8881.674,8306.949,7877.004,7697.984,7769.858,7978.91,8374.165,8865.734,9301.133,9554.136,9574.656
9376.403,9138.513,8945.798,8660.506,8318.803,8197.99,8388.267,8754.888,8902.641,8440.588,7840.144,7450.483,6666.889,5653.962,5000.203,4965.494,5325.564,5525.975,5781.966,6175.384,6568.317,6489.404,6108.284,5733.065
5362.084,5054.414,4841.466,4841.447,4979.393,5001.736,4912.462,4778.826,4560.074,4137.683,3390.233,2642.744,2063.923,1575.893,1177.291,870.297,617.586,400.626,204.191,55.358,7.885,6.897,33.024,170.52
450.608,711.463,929.761,1180.458,1341.009,1387.942,1503.806,1713.514,1947.875,2157.701,2492.934,2899.646,3118.292,3189.675,3201.135,3283.944,3371.687,3386.088,3455.683,3640.873,3828.306,3982.179,4392.33,4825.587
5072.808,5188.208,5091.557,4921.019,4419.695,3890.624,3468.589,3015.723,2486.205,1944.051,1783.702,1837.457,1885.31,2069.961,2394.852,2845.918,3348.867,3914.705,4640.566,5489.343,6197.265,6642.883,6930.123,6868.788
6537.946,6150.476,5916.84,5947.832,6076.696,6205.73,6271.142,6275.348,6113.47,5744.926,5185.849,4658.667,4353.371,4249.24,4236.212,4260.386,4319.316,4353.614,4387.509,4508.67,4622.56,4610.003,4552.286,4560.495
4981.195,5812.385,6482.735,6306.21,5544.62,5163.245,5289.603,5452.974,5337.873,5001.29,5106.931,5561.799,6076.767,6429.602,6888.797,7558.463,7840.119,8049.177,8238.123,8490.871,8751.429,9114.452,9448.35,9371.067
8792.667,8030.497,7272.169,6731.276,6371.94,6211.999,6201.764,6008.059,5617.034,5001.476,4439.197,3978.941,3530.614,3283.409,3360.149,3823.091,4483.293,5035.539,5405.564,5527.994,5653.619,5782.072,6113.697,6636.048
7034.909,7359.754,7542.996,7679.943,7661.148,7567.374,7473.416,7571.074,7672.24,7570.783,7204.37,6685.837,5910.936,5162.817,4473.58,4049.213,4067.032,4387.348,4788.204,5163.219,5489.233,5660.832,5896.411,6223.693
6725.887,7449.649,8271.998,8945.354,9162.07,9084.243,9027.147,9054.48,9034.886,8896.879,8612.947,8084.106,7202.114,6304.691,5818.826,5734.52,5780.733,5852.499,5984.754,6133.5,6331.818,6611.164,6933.289,7180.319
7060.759,6611.742,6113.84,5961.001,5948.19,5984.696,6076.684,6574.872,7273.749,7574.83,7285.42,6574.893,5781.971,5154.322,4788.184,4756.187,4967.098,5289.609,5573.194,5782.237,6268.837,6868.866,7034.644,7160.743
7083.003,6563.182,6076.599,6121.541,6372.108,6522.323,6772.188,7209.243,7570.442,7395.766,7128.267,6897.151,6445.752,5881.625,5399.197,5098.087,5256.602,5782.059,6445.76,6989.517,7323.678,7830.28,8504.216,8776.009
8761.487,8755.664,8648.245,8358.939,8064.426,7979.761,7937.534,8013.407,8180.512,8295.341,8240.401,7920.224,7503.936,7287.57,7359.733,7610.422,7765.339,7892.822,8014.649,8014.571,7903.538,7647.251,7557.385,7521.036
7513.006,7534.776,7701.994,8041.583,8203.995,8177.229,8099.985,7949.199,7722.286,7323.69,7016.612,6611.556,5840.025,5072.762,4755.694,4928.737,5289.446,5781.947,6244.516,6703.615,7081.264,7298.869,7541.235,7756.015
7805.053,7840.143,7840.125,7796.116,7734.564,7769.865,7999.392,8225.99,8284.657,8181.424,8013.967,7734.625,7323.688,6996.822,6759.36,6792.231,6973.411,7316.027,7840.116,8492.496,9133.149,9546.381,9790.665,9958.666
9998.596,9985.395,10012.058,10113.034,10164.105,10199.84,10258.594,10309.427,10247.454,10136.039,10153.794,10165.125,10099.519,10038.607,10054.963,10240.513,10352.442,10277.88,9958.638,9695.875,9701.285,9839.179,10012.783,10100.103
10135.055,10042.07,9817.485,9698.932,9814.401,10131.738,10528.697,10885.965,11102.203,11075.283,10901.677,10586.275,10132.877,9728.063,9420.097,9239.945,9052.579,9061.159,9301.476,9596.308,9702.929,9717.913,9665.868,9476.543
9251.241,8974.753,8815.099,8945.713,9159.447,9376.647,9668.13,10039.041,10253.635,10281.82,9936.765,9298.198,8520.114,7865.753,7367.936,7090.439,7074.358,7197.047,7511.245,7922.45,8279.872,8507.086,8629.393,8589.947
8323.518,8079.359,8030.014,8127.194,8275.549,8432.69,8456.281,8507.449,8481.701,8478.888,8583.732,8284.175,7456.728,6386.427,5526.043,5072.989,4858.22,4816.103,4717.892,4465.364,4244.398,4166.749,4190.039,4201.386
4227.259,4473.655,4858.941,5086.098,4954.556,4722.557,4752.932,5073.213,5358.184,5325.367,5106.653,4734.38,4150.276,3567.464,3266.663,3222.724,3201.15,3052.983,3015.259,3252.808,3724.921,4234.538,4753.194,5129.732
5139.733,4876.782,4678.967,4634.968,4205.944,3351.416,2617.611,2096.105,1694.26,1355.394,935.586,541.605,387.051,421.734,603.808,836.254,1113.783,1406.273,1638.391,1841.106,2021.007,1996.131,1948.67,2041.695
2112.757,2268.796,2680.728,3160.136,3361.114,3163.0,2729.626,2110.443,1602.15,1237.835,1022.788,1015.181,1130.653,1360.501,1503.792,1300.153,1001.576,795.553,656.257,504.988,415.204,392.995,498.323,663.198
834.671,965.11,985.411,969.539,857.31,641.898,498.819,513.506,611.211,723.892,723.764,602.846,469.535,415.206,438.575,495.946,594.81,686.712,846.648,1161.053,1576.226,1948.744,2274.657,2504.409
2493.71,2341.605,2201.324,2115.176,1990.766,1828.417,1720.322,1614.436,1527.401,1370.806,1203.554,1063.33,963.812,927.925,984.553,1239.757,1604.207,2080.718,2747.382,3573.771,4353.136,4752.917,4841.159,4596.272
4225.577,4016.278,4006.997,4082.301,3970.738,3933.344,4083.016,4425.498,4830.466,5024.605,5163.198,5289.24,5289.453,5251.409,5207.267,5361.764,5834.396,6574.749,7340.461,8049.369,8666.19,9206.117,9509.065,9610.875
9610.279,9696.379,9985.366,10318.84,10582.182,10552.157,10334.557,10088.9,9863.851,9546.795,8941.296,8012.218,7033.893,6242.734,5617.044,5199.233,5234.836,5591.737,6071.159,6530.327,6824.181,6929.017,6905.423,6832.185
6715.928,6703.629,6727.405,6868.776,6701.633,6190.48,5693.094,5465.312,5405.007,5452.724,5464.281,5361.979,5170.443,5087.774,5183.394,5378.184,5752.437,6247.159,6885.715,7491.364,7967.495,8237.977,8108.932,7840.147
7771.808,7898.389,8218.869,8593.344,8945.237,9174.132,9246.482,9199.796,9196.504,9024.13,8850.107,8656.463,8273.39,8169.603,8260.375,8410.251,8622.783,9003.827,9767.191,10492.495,11074.818,11439.619,11624.132,11710.032
11633.659,11396.768,11095.094,10876.457,10690.127,10552.715,10504.809,10386.271,10012.911,9434.598,8675.176,7901.775,7275.623,6832.111,6634.505,6703.556,6775.834,6996.835,7359.72,7892.808,8424.43,8777.148,8913.534,8773.508
8473.791,8134.456,7825.713,7496.17,7231.472,6905.449,6664.783,6726.629,7087.628,7483.587,7610.385,7449.659,7124.418,6868.86,6992.458,7323.682,7805.032,8238.051,8554.304,8743.987,8765.672,8734.497,8719.936,8850.244
9141.517,9610.494,10158.792,10713.499,11074.434,11257.011,11271.197,11139.634,10961.984,10867.127,10746.287,10528.025,10269.867,10012.162,9864.007,9860.632,9967.738,10164.926,10395.99,10505.299,10601.109,10812.81,11049.008,11150.007
11293.758,11451.922,11598.4,11714.155,11808.89,11920.079,12081.222,12217.614,12320.314,12403.514,12480.992,12513.747,12513.883,12492.755,12480.9,12489.064,12481.462,12463.502,12513.746,12569.705,12583.833,12558.208,12481.241,12374.46
12348.313,12380.877,12454.645,12597.971,12629.408,12565.766,12503.926,12438.101,12325.968,12159.371,11993.577,11741.436,11385.144,10921.419,10412.539,9891.531,9723.123,9895.611,10050.475,10156.579,10183.726,10088.716,10012.47,9980.174
9943.087,9772.575,9711.796,9948.076,10318.962,10695.121,11029.643,11243.813,11329.981,11323.311,11134.888,10713.223,10131.196,9454.545,8794.134,8492.336,8540.536,8749.708,8881.99,8984.965,9127.182,9331.355,9439.365,9463.704
9547.74,9752.453,10038.928,10281.406,10309.581,10240.13,10112.867,9979.217,9890.767,9831.828,9518.052,8840.119,7944.077,7083.372,6372.135,5869.84,5690.194,5709.022,5767.401,5910.855,6150.73,6367.756,6453.893,6445.671
6326.731,6150.58,5954.491,5830.635,5658.547,5452.674,5363.166,5234.974,4876.602,4610.259,4334.807,3977.417,3583.425,3201.39,2942.591,2779.685,3013.508,3575.084,4358.363,5118.525,5757.163,6113.478,6280.99,6482.705
6703.524,6966.454,7485.215,8173.021,8559.361,8673.604,8728.823,8630.573,8237.887,7645.932,7187.172,6750.359,6377.155,6182.593,6221.283,6557.754,6979.963,7395.741,7841.813,8374.23,8796.214,8857.144,8817.435,8759.006
8623.107,8449.62,8203.943,8031.18,7840.069,7610.5,7386.293,7061.813,6726.012,6226.766,5616.967,5072.852,4508.619,3948.895,3569.775,3396.144,3499.648,3786.524,4166.454,4556.243,4929.553,5203.112,5288.502,5082.371
4788.062,4551.089,4525.046,4753.207,5001.49,5289.334,5617.155,5884.915,6099.222,6181.593,6032.286,5638.541,5088.524,4595.608,4163.466,3791.29,3752.468,3921.459,4143.537,4397.492,4738.841,5089.719,5418.109,5753.333
6076.843,6408.791,6905.384,7610.416,8008.15,8096.882,8113.888,7968.838,7624.643,7127.142,6634.837,6205.91,5867.643,5690.62,5576.243,5765.265,6332.59,7106.215,7769.819,8192.256,8391.347,8409.701,8499.51,8664.33
8849.924,9133.516,9516.882,9921.847,10139.516,10221.197,10395.983,10690.395,10983.476,11149.147,11262.981,11265.5,11108.799,10866.795,10642.843,10611.12,10692.004,10860.979,11071.011,11237.557,11250.489,11125.742,10920.754,10689.409
10400.255,10063.134,9726.513,9551.772,9542.772,9639.612,9719.276,9834.066,9919.895,9832.378,9610.971,9159.326,8622.705,8249.867,8049.156,8050.735,8051.215,8078.8,8178.785,8295.617,8446.933,8507.251,8440.509,8281.023
8116.209,8062.005,8123.326,8203.827,8205.044,8195.515,8169.758,8129.564,8134.896,8169.815,8121.552,8051.559,7900.231,7734.634,7541.351,7515.6,7734.584,8224.932,8850.046,9376.5,9712.938,9954.819,10219.196,10400.304
10410.456,10334.268,10125.183,9795.383,9240.734,8677.042,8444.286,8238.003,8014.611,7933.82,8068.213,8367.776,8533.863,8609.403,8634.162,8676.739,8761.603,8945.8,9101.103,9140.866,9174.007,9293.485,9423.542,9540.976
9591.292,9503.477,9279.193,9024.15,8772.412,8743.545,8945.204,9197.927,9248.337,9040.662,8945.483,8850.102,8623.13,8282.811,7892.83,7577.035,7453.062,7488.017,7610.434,7840.175,8204.009,8668.415,9389.029,10166.131
10834.997,11216.414,11455.627,11647.509,11687.374,11671.578,11727.708,11760.217,11603.281,11131.021,10395.985,9579.714,8728.128,8503.929,8544.361,8589.939,8831.206,9464.906,10273.627,10982.954,11479.39,11664.68,11582.127,11278.635
10900.378,10446.784,10063.261,9727.049,9668.29,9890.692,10339.501,10746.345,10894.239,10705.288,10309.39,9707.933,9010.392,8379.598,8049.12,8049.315,8107.96,8217.492,8474.031,8803.566,9068.783,9152.137,9047.126,8889.662
8725.513,8507.346,8272.089,8110.518,8190.806,8507.028,8981.647,9332.004,9591.134,9610.664,9610.976,9379.947,8800.585,8169.839,7469.499,6868.842,6372.129,6149.664,6050.429,6113.548,6469.303,6850.785,7061.226,7056.265
6821.369,6538.067,6368.81,6330.777,6368.212,6317.775,6282.512,6076.691,5740.667,5487.254,5329.998,5192.842,4841.074,4355.476,3933.675,3581.909,3283.95,3179.366,3359.67,3784.365,4344.627,4812.104,5140.719,5262.144
5325.426,5362.112,5617.206,6042.092,6522.023,6996.843,7451.129,7805.003,8128.0,8313.316,8092.378,7563.927,6899.287,6205.742,5690.347,5531.845,5817.09,6276.518,6832.089,7432.004,7938.707,8373.322,8641.85,8849.853
9024.402,9146.897,9240.335,9271.024,9125.95,8800.683,8582.872,8481.302,8431.262,8366.499,8473.938,8507.216,8315.022,7986.787,7709.808,7683.247,7907.32,8379.766,8913.892,9368.243,9712.374,9976.807,10120.245,10118.176
10070.647,10050.454,10080.125,10088.392,9835.016,9389.954,9043.77,8778.114,8463.637,8043.832,7692.443,7604.73,7696.835,8014.61,8443.114,8957.025,9610.332,10141.045,10472.816,10666.297,10713.185,10552.069,10143.051,9473.248
8589.976,7622.932,6777.819,6205.895,5861.751,5781.99,5899.035,6135.106,6150.404,6091.207,6127.372,6126.816,6033.645,5947.801,5910.687,5932.724,5999.132,6007.655,5984.531,5947.624,5976.874,6113.806,6168.237,6076.866
5814.789,5458.768,5100.222,4718.055,4469.515,4353.677,4226.672,4120.993,4041.147,3967.688,4016.218,4049.344,4016.462,4049.393,4353.217,4927.84,5513.277,5883.14,6159.648,6436.688,6703.689,6921.185,6868.87,6510.346
6013.983,5599.657,5370.633,5366.323,5453.021,5591.949,5670.96,5687.459,5610.289,5407.067,5096.165,4708.01,4289.666,3978.661,3824.13,3900.404,4073.222,4383.153,4832.046,5224.775,5420.988,5452.909,5487.516,5452.849
5405.045,5494.405,5653.529,5699.507,5525.497,5273.881,5198.886,5162.811,5101.311,5051.16,5231.559,5610.347,5947.568,6166.919,6313.9,6489.096,6621.969,6744.099,6941.973,7110.704,7211.28,7213.697,7048.652,6798.881
6537.996,6309.745,6156.459,5853.066,5199.115,4520.387,4030.929,3674.086,3504.395,3432.985,3560.523,3808.315,4082.448,4508.253,5081.219,5907.93,6905.453,7915.439,8694.073,9180.694,9459.101,9608.237,9478.33,9061.78
8385.037,7572.357,6829.254,6278.161,5786.572,5371.279,5072.841,4788.139,4491.869,4134.068,3721.906,3329.476,2915.982,2538.507,2268.201,2160.239,2227.43,2349.004,2503.082,2732.228,3020.842,3329.442,3725.095,4185.575
4518.912,4696.801,4740.902,4685.745,4399.275,4088.827,3995.41,4082.511,4249.607,4327.981,4230.525,4040.06,3673.327,3274.656,2966.493,2826.741,2917.669,3215.201,3699.319,4285.212,4951.839,5564.665,6076.639,6486.424
6706.302,6868.748,7086.934,7287.57,7376.157,7483.328,7669.496,7861.838,7923.172,7793.157,7508.456,7096.873,6574.752,5984.454,5452.929,5072.934,4841.096,4951.488,5386.421,5954.693,6577.693,7160.753,7483.536,7449.619
7144.957,6717.443,6449.947,6372.003,6236.079,6068.359,6071.091,6202.668,6246.198,6318.755,6403.102,6266.734,6011.617,5838.79,5807.131,5793.532,5846.185,6113.605,6445.746,6775.396,7124.929,7436.427,7646.013,7644.498
7493.305,7323.689,7160.744,7066.436,6903.438,6719.773,6667.395,6674.358,6538.045,6242.676,6113.564,6009.938,5837.357,5712.022,5785.968,6105.238,6341.369,6506.835,6618.457,6611.697,6490.232,6310.776,6092.578,5681.816
5063.628,4374.736,3809.029,3461.768,3120.958,2993.707,3244.636,3721.717,4284.088,4781.942,5283.963,5782.168,6150.524,6408.85,6682.65,7160.546,7697.159,8238.765,8614.817,8774.078,8715.961,8536.755,8622.994,8900.619
9270.719,9582.535,9771.338,9639.157,8945.254,8203.573,7831.834,7646.018,7427.653,7160.766,6941.983,6733.919,6493.084,6196.394,5846.658,5489.084,5299.421,5305.807,5320.566,5296.848,5289.557,5279.19,5199.127,5144.659
5072.798,4841.663,4560.771,4341.297,4103.464,3929.443,3861.786,3776.238,3642.108,3359.654,2899.328,2428.691,2055.231,1808.0,1745.024,1821.342,1992.045,2216.091,2440.338,2688.492,2938.615,3098.054,3192.848,3231.581
3329.122,3499.387,3673.911,3835.22,3804.065,3641.933,3402.642,3127.637,2868.435,2556.637,2265.024,1970.186,1575.21,1192.664,976.312,920.813,1055.196,1357.326,1723.551,2053.424,2269.479,2594.169,2911.569,2896.623
2676.06,2484.038,2482.036,2671.5,2854.356,3050.617,3113.995,2953.887,2821.713,2662.295,2453.179,2335.014,2194.72,2079.235,1966.995,1888.893,2023.822,2321.64,2688.608,3059.653,3360.288,3499.705,3641.588,3867.504
4142.623,4483.927,4960.73,5653.587,6205.898,6611.838,7027.273,7279.704,7440.224,7508.6,7471.387,7443.556,7173.511,6996.863,6938.992,6905.479,6915.642,6905.484,7010.936,7395.741,7695.106,7769.82,7990.017,8313.056
8679.185,8945.455,9089.828,9084.975,8780.491,8494.968,8428.824,8512.247,8719.118,8797.724,8881.857,9028.067,9045.297,9050.806,9178.635,9338.332,9354.272,9331.659,9376.518,9436.45,9461.615,9332.982,9118.452,8763.758
8303.358,7909.015,7610.443,7359.732,7160.768,7160.744,7323.681,7574.788,7769.791,7840.189,7884.531,7853.021,7686.375,7461.563,7288.569,7216.111,7070.164,6991.253,7039.729,7230.009,7511.156,7709.764,7909.875,8159.695
8109.775,7956.354,7861.418,7784.759,7449.649,6905.49,6482.79,6206.004,5947.647,5748.051,5653.531,5335.894,4648.305,3960.414,3775.158,4302.938,5158.72,5861.067,6290.859,6311.01,6039.616,5525.989,5030.698,4560.435
4297.878,4180.01,4148.457,4394.982,4856.24,5452.95,6059.193,6495.561,6755.54,6832.147,6621.292,6250.477,5807.333,5617.042,5782.024,6113.694,6445.905,6707.754,6951.19,7124.387,7245.269,7287.57,7375.418,7458.759
7482.398,7430.42,7375.989,7478.647,7610.413,7699.615,7840.085,8049.348,8078.283,7736.198,6996.856,6004.922,4959.936,4002.08,3226.496,2797.859,2623.58,2512.983,2480.914,2465.328,2394.236,2316.051,2274.288,2256.364
2311.862,2476.456,2805.219,3274.095,3673.986,4082.569,4619.482,5099.301,5144.924,4616.587,4151.183,3778.564,3378.356,3141.467,3323.333,3785.539,4353.072,4776.274,4983.869,4988.78,4876.859,4841.303,4778.243,4624.821
4486.991,4587.888,5001.617,5430.248,5289.347,4815.642,4319.099,3754.607,3237.775,2774.155,2482.316,2188.625,1744.65,1384.604,1282.969,1367.872,1575.772,1780.821,1921.536,1983.264,2138.373,2394.647,2783.242,3341.384
3798.604,3499.57,2283.463,1367.921,1046.593,981.523,894.856,619.17,393.076,325.514,331.352,327.065,286.463,259.596,273.99,324.086,318.332,240.044,183.093,154.137,143.956,200.785,424.038,712.818
647.141,477.728,398.344,390.271,473.425,567.102,652.997,711.7,762.345,800.872,899.308,1026.467,1081.22,1091.842,1102.911,1195.028,1275.156,1389.126,1694.676,2168.43,2718.24,3135.731,3494.082,3531.018
2871.403,2429.493,2329.865,2262.735,2394.284,2725.608,3219.532,3673.288,3874.807,3708.201,3342.891,2962.213,2661.43,2447.771,2347.263,2295.241,2248.618,2258.391,2467.684,2925.601,3538.613,4211.889,4787.948,5087.759
5243.246,5325.653,5442.706,5560.793,5694.741,5820.299,6010.801,6301.445,6586.591,6666.804,6335.566,5792.594,5073.13,4244.76,3363.316,2503.711,2026.289,1919.938,2040.034,2276.583,2641.425,3087.21,3359.92,3399.877
3261.094,3071.392,2932.504,2846.241,2863.33,3058.721,3491.719,4120.837,4560.14,4404.081,3808.291,3343.497,3089.063,2937.377,2805.999,2609.282,2394.691,2296.907,2412.782,2859.018,3643.42,4565.771,5291.6,5732.398
5766.391,5587.169,5525.804,5910.22,6746.105,7734.501,8420.117,8589.752,8086.999,7124.407,6150.486,5199.041,4233.057,3400.558,2716.637,2374.906,2234.197,2270.462,2632.799,3359.626,4437.396,5947.602,7574.79,8838.583
9610.448,10008.648,10195.642,10244.064,10004.273,9642.017,9376.233,9024.069,8519.884,7814.428,7359.736,7221.965,7160.742,7202.691,7474.772,7842.241,7923.739,7843.77,7764.094,7681.433,7734.497,7971.975,8330.298,8589.957
8650.218,8590.013,8364.387,7986.5,7456.724,6789.826,6115.149,5653.983,5517.296,5531.119,5617.034,5690.257,5564.553,5235.25,4764.514,4238.507,3789.494,3499.885,3404.614,3442.519,3704.802,4082.896,4516.466,4752.74
4687.792,4601.485,4665.286,4900.819,4981.385,5162.603,5571.656,5972.324,6150.464,6076.73,5690.657,5093.396,4594.97,4319.058,4319.214,4508.264,4769.09,4979.019,5118.786,5199.206,4829.284,3754.727,2942.419,2706.078
2925.579,3310.056,3654.732,4235.915,5016.073,5782.167,6249.776,6538.009,6259.356,5617.924,4876.729,4043.279,3118.115,2443.951,2268.179,2453.762,2810.042,3088.711,3131.57,3117.908,3196.211,3329.325,3433.693,3499.545
3565.05,3712.685,3699.291,3594.639,3647.694,3886.871,4142.67,4353.141,4439.462,4387.799,4305.564,4231.618,4041.404,3842.104,3726.544,3363.61,3015.499,3118.021,3721.71,4479.297,5046.356,5473.41,6005.543,6611.697
7130.705,7601.182,7944.836,8284.315,8590.084,8945.366,9301.01,9503.356,9474.147,9240.395,8692.668,8066.425,7621.959,7474.272,7574.803,7681.448,7930.462,8272.133,8343.027,8271.849,8169.794,8103.054,8131.694,8109.678
8084.809,8146.906,8249.758,8310.936,8169.564,7821.088,7323.689,6742.3,6206.015,5754.177,5514.053,5417.4,5362.13,5289.222,5178.94,5023.669,4840.334,4809.4,5037.168,5397.412,5813.265,6150.669,6248.679,5947.607
5289.272,4409.564,3535.118,2877.355,2582.932,2541.914,2554.532,2602.07,2687.355,2713.489,2688.815,2482.374,2103.742,1664.525,1304.86,1109.98,1123.734,1336.257,1650.185,2044.9,2406.317,2758.572,3090.619,3338.361
3521.819,3674.016,3817.038,3931.999,3761.694,3396.276,2986.208,2621.102,2244.988,1824.919,1613.979,1576.303,1644.037,1840.333,2117.72,2388.334,2487.467,2551.204,2675.887,2850.56,2986.255,3044.578,3052.958,2986.116
2814.381,2642.477,2492.204,2444.136,2384.53,2365.559,2592.499,3066.119,3529.735,3698.691,3422.131,2853.451,2278.745,1772.313,1344.756,1091.232,1118.128,1379.608,1764.742,2160.82,2527.511,2821.363,3150.728,3282.449
3223.317,3262.864,3661.845,4224.538,4526.078,4511.985,4209.843,3659.512,2904.781,2121.811,1574.961,1177.499,862.237,618.129,465.068,425.04,557.538,876.219,1418.614,2217.634,3199.043,4284.873,5362.024,6133.628
6445.705,6326.446,6027.415,5758.128,5412.194,5163.743,5118.462,5289.501,5452.765,5362.044,4876.974,3986.825,3055.207,2462.176,2263.913,2384.028,2693.273,3373.575,4439.083,5538.651,6265.1,6482.581,6317.775,6150.426
6028.833,6064.815,5947.638,5910.798,6089.91,6408.991,6866.126,7134.694,7140.48,6721.754,6095.359,5690.34,5763.794,6243.905,6905.41,7520.066,8124.037,8547.025,8674.798,8779.199,8945.401,9168.558,9358.297,9271.323
8959.546,8729.476,8742.538,9009.816,9376.566,9891.782,10396.252,10660.709,10812.675,10690.59,10195.671,9497.921,8797.975,8014.657,7553.614,7377.704,7395.737,7681.467,8440.467,9100.423,9515.855,9929.615,9986.15,9753.234
9834.296,9945.909,9792.177,9555.479,9457.403,9632.317,9891.012,10075.663,10002.733,9585.294,9247.055,8761.413,8169.814,7466.002,7053.771,7160.762,7290.798,7330.916,7283.582,7274.743,7359.728,7449.666,7401.866,7056.11
6928.822,7395.754,7675.263,8201.925,8470.172,8529.451,8663.319,8849.92,9008.097,8995.139,8945.262,8803.394,8410.138,7805.012,7200.71,6508.283,5910.721,5621.019,5677.224,5910.909,6328.79,6798.146,7082.336,7361.819
8521.31,9667.74,9985.323,9540.274,8688.402,8203.942,8203.93,8073.923,7656.886,7197.036,6868.794,6445.746,5848.135,5093.092,4430.774,4147.579,4512.541,5525.541,6659.727,7516.938,8120.737,8517.353,8546.258,8421.393
8440.587,8543.477,8627.431,8506.994,8440.74,8622.942,9039.534,9375.964,9121.201,8723.343,8014.614,6942.057,5947.772,5235.115,5037.459,5325.543,5475.536,5341.946,4840.822,4438.989,4629.781,5377.037,5910.741,5738.513
5289.65,5162.875,5293.622,5947.914,6847.749,7553.381,7886.03,7914.167,7757.95,7610.479,7703.747,7908.867,7840.263,7359.724,6806.867,6572.715,6574.835,6737.096,7197.031,7574.776,7804.976,7778.396,7486.588,7079.461
6242.64,5361.672,4949.69,5035.312,5263.391,5389.462,5542.262,5984.527,6468.367,6862.919,7359.746,7892.768,8203.719,8473.563,8740.543,9181.018,9425.472,9550.707,9511.722,9158.966,8403.453,7449.63,6795.103,6361.207
5987.907,5864.344,5911.076,6122.647,6614.056,7482.764,8272.156,8881.712,9216.742,9147.393,8440.774,7323.678,6722.733,6574.762,6703.697,6764.57,6730.697,6602.119,5846.947,5085.868,4804.239,4685.718,4754.829,5015.342
5574.652,6613.67,7681.5,8619.677,9359.668,9698.079,9807.16,9859.081,10038.875,9738.45,8881.913,7677.165,6324.815,5024.486,4385.758,4082.279,4429.262,4929.594,5637.653,6187.912,6623.878,7033.348,7239.146,7438.512
7646.01,7892.778,8049.193,8112.937,8187.765,8050.442,7769.915,7734.516,7877.041,7923.948,7681.402,7283.737,6724.525,5991.083,5287.417,4912.194,4912.114,5039.686,5163.012,5248.198,5121.477,4801.4,4335.27,3835.22
3503.144,3418.142,3541.88,3808.201,4245.495,4753.249,5199.147,5617.13,6012.661,6445.726,6215.056,5445.212,4838.525,4554.756,4595.615,4876.81,5540.155,6066.629,6291.778,6390.022,6482.548,6445.649,6189.811,5753.402
5043.012,4154.65,3433.776,3070.961,3056.303,3180.624,3496.647,4002.04,4438.875,4717.919,4341.258,3722.002,3135.009,2566.904,2359.127,2490.177,2942.422,3566.025,4453.802,5525.931,6330.985,6635.988,6703.635,6395.96
5690.39,4718.037,3990.548,3901.103,4387.326,4824.624,4947.837,4818.505,4439.099,4016.147,3545.311,3088.473,2943.243,3069.824,3278.288,3343.029,3531.245,3788.247,3900.467,3808.788,3975.417,4541.772,5289.289,5690.28
5294.972,4357.643,3388.496,2589.775,2331.821,2491.84,2811.621,3149.477,3416.095,3534.874,3283.799,2822.434,2455.031,2118.844,1905.466,1832.318,2047.54,2423.181,2786.248,3088.581,3237.99,3329.581,3410.813,3465.407
3468.733,3499.839,3673.452,4016.037,4473.673,5132.095,5947.613,6537.888,6612.098,6247.387,5383.164,4356.211,3540.055,2886.142,2492.543,2358.73,2604.673,3091.818,3435.767,3811.118,4166.412,4463.881,4520.194,4353.683
4159.683,4015.888,3999.031,4060.587,4387.333,4868.409,5101.224,5235.2,4980.271,4285.427,3301.764,2383.812,1664.884,1160.132,914.27,895.484,1136.982,1582.608,1940.101,2117.865,2264.435,2431.465,2678.911,2861.354
2868.666,2785.765,2718.465,2939.921,3037.715,3044.296,3088.883,3069.589,2907.18,2669.873,2380.671,2083.436,1817.435,1688.767,1671.441,1631.628,1644.775,1878.423,2329.349,3015.662,3738.46,4265.205,4258.137,3754.893
3259.589,2929.487,2732.069,2798.398,2928.925,3118.366,3397.238,3770.237,4115.358,4421.8,4473.556,4123.342,3762.849,3537.829,3153.634,2744.09,2322.825,2092.408,2150.366,2411.916,2691.237,3063.609,3437.04,3746.739
3782.082,3678.987,3581.718,3764.716,4049.726,4236.876,4473.97,4877.697,5037.387,4949.34,4595.105,3944.745,3128.754,2542.866,2295.938,2241.884,2413.271,2800.779,3372.79,4016.451,4788.032,5613.966,6243.86,6293.592
5975.696,5525.562,5267.75,5235.132,5429.929,5571.681,5653.69,5757.072,5842.447,5874.229,5479.976,4841.632,4166.789,3535.318,2962.248,2467.642,2095.595,1921.634,2217.161,3129.002,4262.515,5617.248,6721.387,7131.165
7009.603,6523.443,5795.559,5231.014,5164.476,5498.065,5801.4,6150.434,6666.773,7045.426,7033.357,6584.654,5947.538,5073.283,4300.734,3746.749,3668.623,3770.877,4015.934,4205.684,4222.865,4082.787,3809.006,3346.873
2757.239,2069.95,1576.203,1495.866,1660.539,1976.063,2407.511,2918.083,3223.035,3392.787,3418.146,3224.819,2884.196,2574.524,2427.081,2449.376,2538.248,2736.863,3015.288,3355.577,3811.779,4424.932,5120.586,5525.982
5690.919,5739.514,5841.535,5987.008,5902.032,5809.873,6047.838,6564.997,7083.402,7681.464,8307.041,8913.537,9075.04,8820.615,8440.44,7892.831,7314.532,6758.206,6630.004,6666.944,6785.489,6957.869,7303.967,7734.6
8203.82,8468.884,7464.648,5617.092,4832.232,5540.027,7047.257,8493.057,9330.938,9818.459,9896.523,9723.78,9667.965,9606.037,9474.08,9165.795,8013.17,6574.7,5325.869,4353.341,3779.818,3501.203,3696.152,4521.191
5755.436,7012.974,7979.353,8507.469,8719.019,8913.547,9012.42,8872.913,8014.716,6454.064,5175.058,4319.417,3610.068,3065.44,2904.93,2868.131,2838.334,2908.74,3118.273,3810.71,5271.152,6721.619,7430.842,7610.463
7693.289,8070.602,8782.3,9426.954,10056.334,10678.098,11087.875,11283.979,11460.798,11701.532,11712.335,11296.773,10552.223,9943.28,10103.006,10528.721,10528.486,10301.545,9959.038,9508.058,8917.513,8319.361,7942.557,7526.323
6938.741,6287.922,5910.757,5910.922,6679.519,7662.527,8095.155,8123.942,7805.092,7395.762,7087.32,7008.964,7323.689,7679.05,7840.127,7740.227,7257.839,6641.442,6237.939,6023.337,6150.61,6805.672,7901.324,8704.617
8954.946,8803.783,8644.858,8913.669,9160.95,9027.585,8337.68,7275.55,6395.042,5939.145,6288.028,7278.414,8474.103,9445.794,9610.45,8589.985,6650.731,5509.673,5690.225,6014.132,5984.717,6132.782,6491.609,6574.712
6150.341,5492.765,4944.172,4717.711,5182.072,6285.335,7018.466,6635.357,5077.322,3865.46,3141.692,2707.232,2256.875,1745.482,1108.37,612.441,337.145,336.386,509.741,589.212,419.054,251.606,200.346,145.17
89.471,50.489,11.019,1.614,2.985,42.805,250.492,707.058,1873.96,2504.866,1328.943,709.545,797.603,1014.417,1191.554,1477.813,1760.747,1794.266,1779.686,1780.635,1880.743,2159.599,2842.51,3779.754
4480.885,4293.267,3186.912,2420.653,2031.652,1973.711,2145.541,2047.217,1599.622,945.319,634.285,472.603,306.438,174.64,69.347,18.499,5.796,19.406,198.201,555.724,1046.385,1689.612,2290.97,2632.489
2393.554,1688.952,982.092,552.813,301.637,167.842,86.52,56.614,61.708,95.672,101.509,87.35,88.634,131.548,176.136,274.557,420.977,600.18,780.162,932.591,1066.081,1183.338,1355.222,1489.76
1443.847,1281.001,1120.765,1001.433,820.021,550.259,295.911,135.463,46.21,8.051,1.742,0.892,1.21,3.11,5.316,6.961,11.146,29.175,165.642,339.349,436.979,479.465,457.756,391.986
422.996,471.387,534.31,582.587,644.506,730.891,836.051,921.638,937.36,950.003,942.395,893.649,771.646,568.234,383.428,230.98,124.342,74.448,101.731,225.198,407.15,721.752,1182.217,1724.196
2210.788,2771.473,3416.735,4048.907,4400.136,4479.207,4581.385,4768.23,4950.908,5129.814,5066.339,4718.684,4366.523,4116.176,3979.132,4011.635,4089.351,4256.552,4398.334,4474.039,4439.401,4241.008,3958.167,3594.956
3220.807,3044.566,3222.885,3641.627,4224.24,4912.49,5504.723,5864.074,5947.683,5829.74,5505.357,5072.822,4676.411,4437.715,4297.53,4305.232,4567.282,5001.281,5362.788,5702.595,5823.835,5910.983,5890.806,5782.032
5690.236,5738.706,6048.17,6573.232,6968.077,7241.766,7481.978,7681.528,7697.522,7686.314,7621.727,7478.826,7219.004,6703.616,6206.039,5947.889,6012.209,6205.918,6514.403,6738.386,6876.857,6942.009,6996.822,6923.412
6665.956,6484.747,6507.379,6666.788,7081.146,7681.498,8294.188,8810.023,8672.978,8049.215,6788.755,5289.398,4119.435,3481.387,3168.705,3044.18,3228.799,3900.529,4701.944,5289.519,5555.586,5734.698,5525.758,5196.045
4911.983,4753.226,4601.132,4483.616,4788.54,5361.705,5898.262,6186.359,6055.211,5803.927,5270.312,4623.434,4240.608,3872.811,3528.877,3253.389,3275.64,3609.994,4076.553,4214.276,4160.725,4037.46,3790.606,3332.222
2816.65,2394.521,1986.287,1710.389,1771.015,1713.868,1541.996,1292.152,1125.902,1074.548,950.946,751.44,661.501,653.704,672.505,785.335,918.618,1125.628,1452.227,1811.51,2241.245,2662.716,3044.289,3258.167
3360.346,3328.882,3213.406,3142.862,2905.426,2668.976,2469.18,2396.595,2442.994,2539.778,2709.751,2759.787,2501.507,2082.32,1780.291,1538.704,1337.043,1222.664,1173.667,1212.886,1327.249,1570.71,1975.722,2578.723
3244.687,4059.026,4947.743,5706.75,6242.737,6707.09,6757.284,6537.834,5917.53,5325.424,4595.082,3815.472,3325.499,3170.355,3387.08,3737.648,4166.546,4555.014,4815.536,5057.532,5234.883,5540.14,6076.732,6611.578
7097.892,7395.72,7584.157,7741.648,7892.744,8169.595,8677.976,9264.554,9605.29,9597.939,9024.407,7932.798,6794.515,5831.147,5182.28,4846.838,5235.22,5885.646,6335.859,6774.306,7209.715,7645.961,8142.067,8533.167
8667.314,8792.985,8958.248,9140.612,9419.324,9610.504,9572.436,9271.167,8752.95,8049.339,7128.278,6113.836,5069.07,4196.859,3663.606,3318.557,3223.179,3416.024,3766.126,4115.007,4439.49,4758.332,5237.616,5782.001
6256.715,6541.568,6636.309,6742.627,7033.36,7208.655,7008.232,7319.19,7882.259,8238.151,8049.268,7395.742,6760.87,6242.788,5814.59,5644.765,5361.647,5044.613,5103.257,5610.841,6905.429,8637.722,10266.431,11111.685
11125.006,10878.815,10842.634,10983.647,11043.121,11179.992,11405.615,11515.84,11457.489,11257.524,10875.777,10246.984,9331.638,8237.909,7127.498,6235.968,5580.404,5362.09,5361.925,5527.661,6020.556,6611.608,7033.356,7150.656
6984.088,6778.979,6714.024,6902.683,7306.63,7805.082,8295.987,8721.588,8945.375,8992.629,8718.344,8169.666,7574.827,6934.573,6252.02,5762.166,5594.698,5774.569,6025.781,6265.857,6406.613,6372.131,6371.869,6123.082
5777.173,5580.211,5649.71,5851.611,6205.988,6574.737,6909.571,7220.842,7385.802,7269.751,6832.135,6445.711,6280.985,6210.648,6156.78,6206.055,6150.403,5984.602,5960.503,6202.79,6509.268,6713.697,6868.801,6963.489
6868.857,6789.964,6832.192,6996.887,7218.797,7408.327,7681.438,8049.319,8114.755,7949.723,7610.413,7236.534,6935.857,6666.894,6330.6,6147.493,6276.633,6737.024,7428.879,8203.937,8878.202,9550.118,9985.971,10309.925
10587.344,10791.313,10989.906,11136.203,11141.649,11133.126,11094.536,10870.843,10466.558,10012.992,9513.873,9287.476,9271.046,9402.842,9639.349,9511.831,9174.58,9176.254,9518.273,10152.507,10571.3,10988.968,11356.231,11513.309
11373.971,11118.683,10914.651,10867.236,10962.358,11094.934,11254.135,11141.856,11010.971,10832.915,10743.946,10590.323,10251.686,9674.423,9256.608,9285.554,9373.082,9558.301,9900.654,10342.167,10691.952,11029.859,11409.468,11649.223
11875.405,12027.026,12178.504,12325.416,12376.146,12322.396,12161.782,11989.454,11800.438,11647.736,11348.644,11095.194,10994.629,10835.021,10587.263,10427.409,10575.124,10884.007,11152.68,11360.398,11497.534,11548.967,11647.461,11795.34
11826.974,11817.658,11818.915,11920.885,12065.849,12178.897,12138.216,11914.029,11643.87,11382.269,11000.744,10717.165,10589.028,10412.261,9958.805,9350.936,8992.599,9214.434,9895.758,11129.027,12183.481,12437.773,12124.784,11476.895
10939.615,10555.325,9985.764,9240.872,8511.594,8062.135,7809.709,7593.832,7580.719,7949.169,8440.475,8849.785,8945.505,8752.836,8589.883,8785.259,9357.773,9637.132,9348.303,8440.661,6996.868,5615.689,5690.446,7323.686
8849.846,9765.992,10580.382,11150.327,11322.257,11155.894,10867.6,11033.852,11360.672,11457.545,11315.455,10983.118,10538.063,10038.552,9663.298,9446.522,9724.42,10397.514,11124.741,11663.286,11913.458,11954.053,11904.696,11690.351
11360.574,11054.678,10908.69,10979.53,11297.042,11695.102,12034.351,12175.432,12178.714,12121.004,12085.384,12093.983,12081.08,11957.059,11694.789,11326.284,10962.036,10770.19,10783.36,10867.52,10867.119,10852.932,10746.691,10538.275
10398.739,10158.81,9665.122,8945.636,8658.386,8943.089,9187.613,9155.206,8767.785,8302.032,7681.536,7323.682,7160.75,7287.57,7517.63,7449.628,7288.173,7581.148,8147.362,8834.933,9349.706,9554.746,9514.576,9280.243
9024.387,8945.362,9147.916,9509.075,9861.613,10128.435,10258.516,10246.328,10068.044,9695.868,9023.927,8203.788,7473.375,6820.459,6323.695,5984.41,6124.663,6266.146,6150.571,5809.205,5451.155,5198.991,5124.465,5383.05
6113.738,7287.601,8606.538,9765.723,10932.511,11730.87,12140.685,12236.069,12052.471,11754.669,11474.82,11341.249,11371.84,11418.697,11389.108,11221.059,11007.222,10767.12,10590.542,10428.818,10341.185,10351.943,10467.606,10621.66
10741.494,10920.923,11187.299,11570.873,11885.347,12079.352,12219.417,12292.817,12340.23,12413.162,12447.962,12428.296,12447.96,12471.197,12533.122,12580.296,12592.707,12617.487,12693.079,12766.545,12778.229,12731.459,12665.992,12567.404
12438.15,12276.228,12112.34,12020.584,12184.299,12393.454,12523.032,12630.835,12668.391,12626.275,12513.624,12293.103,11969.631,11777.493,11837.462,12000.256,12096.054,12027.977,11851.384,11553.814,11211.786,11054.973,11094.876,11249.759
11324.386,11268.986,11094.884,10888.385,10614.849,10163.528,9796.862,9698.576,9796.05,9611.151,8445.61,7356.774,7323.681,6537.884,5384.816,5050.639,5254.379,5617.277,5745.576,5836.322,6051.171,6242.754,6591.885,6900.094
7321.505,8283.233,9764.908,10813.014,11414.206,11783.747,11866.337,11852.149,11990.05,12029.583,11781.904,11395.825,11265.574,11258.396,11317.518,11389.021,11477.279,11457.814,11360.813,11230.72,11170.994,11174.747,11177.369,11071.74
10867.07,10676.533,10507.28,10392.63,10507.683,10737.854,10903.19,11075.163,11186.205,11249.931,11210.668,11009.376,10808.118,10660.097,10586.817,10491.221,10407.56,10358.846,10284.436,10154.204,10038.844,9898.307,9696.602,9411.971
9094.723,8843.491,8697.442,8724.844,8882.15,9095.888,9342.761,9432.386,9408.607,9331.426,9144.943,8944.582,8755.6,8673.834,8739.0,8928.368,9347.63,9760.773,10123.619,10395.924,10596.044,10791.314,10887.172,10866.771
10812.618,10835.241,10835.879,10813.369,10812.87,10758.689,10653.142,10548.457,10466.576,10396.687,10350.082,10485.478,10619.209,10736.749,10872.577,11012.793,11045.297,10908.244,10790.821,10738.882,10762.871,10791.712,10707.431,10469.008
10104.571,9863.517,9778.262,9819.972,10044.523,10367.826,10604.008,10724.045,10718.432,10697.526,10504.602,10107.224,9610.599,9100.743,8775.307,8703.871,8605.416,8353.399,7981.046,7574.801,7202.403,6942.063,6868.873,6825.822
6762.557,6901.041,7360.702,8169.624,8822.242,9270.626,9746.457,10240.736,10437.057,10220.919,9702.818,8849.829,7840.132,7035.208,6700.894,6749.916,7033.37,7359.727,7734.469,8016.82,8226.036,8392.947,8717.511,9004.922
9153.25,9217.49,9219.237,9096.149,8893.495,8693.892,8540.412,8386.261,8133.042,7846.863,7321.691,6671.084,5998.205,5379.176,4971.313,4954.913,5317.849,5822.241,6275.05,6836.12,7233.213,7503.155,7840.078,7963.377
7801.702,7459.896,7197.029,6994.346,7077.499,7574.842,8149.624,8745.444,9133.52,9301.536,9047.346,8507.241,7904.201,7537.155,7693.895,8169.71,8724.241,9071.514,9075.741,9042.891,9133.185,9366.278,9419.785,9528.602
9511.027,9463.194,9376.051,8945.565,8622.885,8589.863,8850.168,9248.522,9582.9,9789.828,9639.483,9049.588,8093.864,6736.968,5488.117,4560.809,4139.919,4319.109,4752.768,5289.212,5788.985,6343.709,6703.628,6575.571
6257.096,6287.482,6629.38,7117.807,7646.037,8105.392,8285.297,8299.282,8092.492,7964.547,7651.921,7221.362,6976.087,6773.544,6482.666,6167.446,6150.561,6303.638,6470.798,6574.9,6775.665,7103.32,7449.638,7691.165
7701.686,7681.507,7645.979,7675.212,7605.701,7574.802,7858.081,8203.844,8380.901,8309.552,7961.121,7485.644,6941.979,6482.525,6203.02,6016.179,6077.21,6324.182,6542.988,6720.015,6710.597,6709.703,7124.417,7893.664
8821.974,9812.414,10759.395,11457.96,11607.774,11407.635,11017.511,10505.025,9891.127,9332.322,9088.975,9193.755,9348.338,9477.36,9569.637,9567.527,9463.736,9501.474,9493.533,9437.736,9300.979,9036.301,8849.874,8589.967
8503.318,8766.462,9240.349,9667.615,10077.268,10507.994,10822.239,10933.246,10858.775,10622.721,10247.038,9639.593,8913.783,8240.912,7734.571,7395.739,7037.849,6800.442,6765.835,6836.691,6936.121,6942.076,6931.261,6987.49
7372.409,7967.215,8507.415,8908.115,9282.476,9610.307,9892.793,10133.068,10353.465,10647.006,10790.64,10504.405,9699.329,8379.047,7055.537,6247.521,6029.698,6113.831,6408.774,6781.101,7072.916,7323.691,7459.383,7431.873
7198.967,6977.168,6769.236,6929.587,7348.347,7985.792,8590.236,8761.498,8672.003,8509.562,8425.952,8238.092,7805.13,7356.506,6905.402,6592.457,6834.776,7323.689,8239.384,9324.486,9795.394,10071.263,10109.049,9959.136
9639.449,9375.919,9133.02,8935.244,8739.094,8334.957,8169.835,8183.781,8286.02,8473.942,8342.59,7892.628,7689.611,7682.16,7769.76,7914.54,8445.128,9167.219,9730.895,10336.531,10812.95,11096.229,11342.26,11406.18
11338.763,11360.114,11472.373,11557.076,11534.691,11299.864,10867.079,10220.415,9331.438,8298.091,7574.82,7131.082,6868.831,6587.669,6451.197,6408.839,6207.523,5910.819,5647.464,5289.484,4912.468,4952.57,5216.776,5472.638
5361.91,5089.112,4841.512,4911.964,5361.904,6131.437,6996.815,7681.419,8049.298,8331.328,8459.026,8300.105,8235.781,8271.582,8310.735,8343.33,8795.876,9610.636,10457.525,11230.952,11739.319,12004.59,12068.116,11962.266
11770.785,11596.642,11440.077,11256.91,11166.24,11128.091,11097.938,11076.843,11031.983,10988.619,10834.605,10504.987,10111.894,9696.306,9213.465,8731.811,8386.343,8203.866,8115.889,8103.667,8245.522,8557.118,9004.643,9376.052
9621.351,9814.683,10012.209,10246.505,10433.68,10551.79,10560.551,10508.054,10309.779,9751.173,9060.349,8398.073,7610.4,6868.758,6149.453,5690.611,5052.16,4560.695,4427.56,4508.294,4642.906,4707.367,5478.773,6611.671
7610.453,8441.46,9134.818,9582.062,9820.274,9992.363,10038.879,10038.859,9865.012,9619.733,9153.375,8528.275,8110.546,8142.331,8272.067,8695.436,9283.304,9909.527,10309.47,10427.846,10396.249,10396.1,10557.533,10804.524
10988.037,11101.017,11182.233,11169.884,11118.2,11124.454,11124.8,11029.955,10763.807,10400.929,9958.918,9452.693,9031.101,8653.427,8169.674,7648.395,7332.719,7206.619,7288.146,7742.352,8523.343,9020.297,8703.564,8102.416
7631.768,7248.181,7018.133,6789.31,6666.809,6773.724,7300.306,7888.302,8201.618,8299.782,8167.685,7730.079,7199.066,6929.813,6720.533,6310.24,6312.499,6408.895,6229.843,5984.516,5825.74,5770.38,5841.867,5857.392
5761.285,5753.895,5975.495,6541.61,7160.747,7524.97,7732.554,7829.643,7455.1,6408.895,5283.956,4194.744,3538.711,3165.945,2803.842,2411.546,2213.933,2168.762,2180.14,2218.109,2297.75,2598.791,2986.545,3346.724
3823.119,4599.998,5358.72,6076.936,6537.914,6577.766,6467.142,6212.468,6242.752,6596.414,6703.604,6445.803,6028.88,5452.89,4753.106,4116.824,3950.105,4195.579,4438.856,5000.078,6076.819,7197.64,7500.56,6829.327
5911.064,5348.379,4912.622,4912.546,5325.47,5984.726,6818.055,7602.9,8269.5,8622.953,8719.261,8563.586,8429.594,8523.2,8690.175,8656.39,8546.829,8545.985,8629.05,8712.795,8965.189,9245.752,9397.31,9331.264
9236.454,9168.018,9024.356,8844.317,8622.681,8585.665,8786.599,9094.74,9271.208,9233.473,9024.001,8692.42,8215.279,7645.971,7323.682,7294.164,7222.651,7062.281,6868.823,6645.881,6468.318,6371.985,6408.935,6417.067
6482.646,6537.88,6905.419,7351.131,7770.126,8203.802,8550.433,8865.613,8971.923,8945.204,8713.912,8374.121,7927.752,7532.645,7909.491,8914.084,9790.383,10614.793,11016.087,10921.807,10256.34,9389.306,9133.377,9331.712
9564.958,10012.856,10738.49,11398.986,11683.688,11690.828,11668.488,11544.561,11422.357,11326.781,11257.142,11054.575,10642.422,10181.821,9743.488,9386.141,9024.606,8775.555,8474.05,7948.646,7449.648,6924.177,6662.431,6676.426
6870.42,7157.274,7470.16,7696.838,7911.348,8093.027,8340.374,8498.757,8286.646,7919.245,7610.431,6990.076,6076.762,5198.718,4439.556,3952.984,3468.471,3168.778,3044.777,3044.693,3295.761,3824.278,4387.29,4833.248
5162.756,5037.548,4676.611,4439.464,4595.42,4643.463,4196.449,3559.99,2922.026,2503.795,2622.453,3015.55,3359.738,3540.075,3539.469,3253.174,2763.62,2485.965,2514.938,2782.726,3140.359,3456.555,3609.72,3499.62
3166.815,2838.991,2707.732,2778.571,2863.628,2943.246,3053.095,3222.941,3252.959,3253.565,3401.11,3721.339,4016.202,3933.12,3717.234,3416.835,3133.98,2942.872,2718.044,2610.675,2570.397,2563.304,2604.82,2561.596
2409.231,2423.12,2688.325,3252.299,3559.692,3673.508,3743.081,3709.944,3342.591,2867.813,2467.228,2219.085,2112.098,2053.386,1980.335,2043.545,2248.271,2522.146,2866.637,3140.653,3281.762,3374.176,3415.629,3326.89
3134.175,3015.404,2986.35,3285.249,3824.089,4595.335,5386.683,6076.883,6117.464,5554.593,5152.826,4876.782,4718.159,4832.984,5094.929,5393.248,5705.629,5947.883,6166.062,6366.697,6504.559,6666.886,6447.363,5854.724
5489.175,5271.567,4841.566,4824.585,5617.379,6657.026,7471.897,8128.768,8508.739,8563.758,8147.818,7644.589,7323.687,6942.074,6482.598,5854.532,5175.779,4549.465,4112.827,3966.494,4166.911,4416.144,4647.229,5099.431
5965.464,6905.405,7465.255,7566.726,7419.389,7489.673,7772.432,8096.482,8098.49,7610.467,6483.832,5100.613,4216.458,3814.093,3673.806,3513.247,3253.348,2942.579,2638.591,2471.906,2572.676,2940.881,3343.585,3499.369
3595.441,3880.687,4548.794,5438.525,6383.226,7441.943,8347.733,9183.379,9564.157,9692.145,9376.236,8623.062,7569.159,6438.433,5578.852,5279.638,5135.509,5137.017,5181.599,5118.338,5077.595,4979.026,5235.122,5578.697
5669.242,5569.997,5690.543,6001.716,6273.141,6242.646,6072.583,5796.657,5384.729,4996.239,4560.452,3990.668,3499.374,3045.2,2639.226,2454.946,2484.341,2542.879,2537.552,2005.116,1242.106,529.755,194.549,93.166
73.758,51.997,44.094,50.488,123.307,358.799,832.52,1533.465,2506.834,3520.966,3827.127,3389.317,2647.991,1994.337,1482.888,1123.785,839.051,741.597,746.499,598.434,336.848,207.143,337.61,666.683
999.827,1355.366,1632.875,1865.987,2069.197,2178.557,2352.729,2555.557,2613.878,2418.692,1980.948,1317.82,642.127,219.4,84.873,148.521,406.912,838.29,1285.678,1666.834,1951.919,2258.593,2773.344,3439.273
4318.882,5285.148,6034.281,6666.795,7093.417,7574.841,7919.258,8231.954,8363.759,8294.674,7938.614,7263.938,6537.838,5947.776,5525.917,5384.132,5341.258,5458.385,5542.275,5534.751,5393.16,5224.091,5266.945,5489.146
6056.573,7045.32,8195.262,9175.505,9714.066,9922.069,9985.809,9863.629,9509.542,8945.234,8323.663,7645.953,6972.654,6377.138,5842.107,5617.277,5657.222,6002.685,6666.448,7439.623,8272.076,9035.499,9538.308,9646.215
9574.357,9460.736,9447.911,9449.186,9639.515,9904.46,10155.411,10359.148,10396.193,10310.048,9958.453,9552.044,9336.417,9426.503,9891.211,10142.987,10119.66,10039.534,9915.821,9842.445,9788.148,9824.317,9985.353,10078.312
10080.575,10041.249,10098.668,10334.242,10649.572,10946.793,11163.35,11245.144,11094.825,10696.364,9951.615,8989.667,8031.876,7074.629,6274.838,5794.269,5752.385,5984.78,6342.313,6666.946,6914.78,7137.322,7592.227,8014.564
8452.013,8993.053,9403.844,9905.166,10211.247,10220.853,10241.079,10195.727,10037.64,9631.539,9070.765,8345.484,7610.478,6996.879,6611.525,6371.885,6123.2,6242.91,6703.687,7445.638,8093.92,8673.783,9202.488,9639.296
10008.876,10309.089,10714.475,10997.18,11173.139,11200.9,11085.232,10883.736,10552.182,10073.122,9298.657,8473.945,7681.393,6942.043,6299.485,5617.195,5162.902,5110.217,5653.564,6789.976,8094.792,8850.211,9156.592,9273.457
9524.196,10012.046,10363.688,10318.654,10121.913,9893.827,9574.534,9248.272,8882.698,8341.924,7066.236,5296.729,3904.039,3356.043,3499.692,4015.904,3359.891,1879.083,1038.779,577.16,340.044,180.813,221.89,394.486
860.512,2073.498,3941.153,5072.794,4801.416,4139.776,3944.654,4788.569,4397.364,3360.071,2716.803,2323.411,1882.191,1542.757,1445.999,1741.393,1883.378,1771.655,1817.712,2110.358,2659.419,3360.307,4619.305,6150.608
7449.624,8185.168,7949.36,7522.772,7480.055,7577.206,7480.547,6987.103,6224.162,5234.828,4245.852,3359.732,2492.089,1782.97,1355.683,1112.749,1192.265,1672.116,2753.693,4323.144,5757.204,6619.682,6473.235,5676.36
5126.298,4788.117,4759.151,4988.064,5175.276,5472.708,6115.365,7287.57,8497.354,9103.266,8977.917,8046.563,6666.933,5541.871,5082.656,5037.566,5362.058,5711.742,5841.006,5525.72,4935.71,4392.165,4166.959,4285.469
4562.703,5012.946,5577.928,6311.382,6344.545,5653.621,5111.435,5235.116,5330.153,5163.042,5234.953,5088.387,4319.444,3531.255,3187.3,3156.912,3125.125,3271.831,3531.125,3713.422,3868.083,4166.73,4845.527,5732.619
6449.214,6746.027,6419.978,5861.064,5489.025,5361.739,5559.377,6123.684,6537.953,6469.677,5987.591,5209.996,4284.777,3384.256,2669.29,2143.388,2062.61,2352.29,3015.109,3751.75,4594.908,5489.366,6220.652,6606.68
6973.495,7434.278,7909.923,8274.63,8404.265,8590.006,8913.853,9331.114,9314.635,8762.495,7932.884,7033.338,6150.593,5625.726,5539.185,5612.756,5744.741,5782.086,5735.369,5991.337,6492.129,7124.411,7553.207,7524.24
7449.647,7458.752,7542.085,7395.727,7046.014,6611.63,6206.047,5743.339,5373.736,5325.685,5325.526,5117.409,4916.422,4840.981,4737.865,4595.392,4522.607,4646.704,4898.276,5292.322,5549.075,5706.55,5636.068,5235.263
4838.807,4492.916,4215.28,4098.971,4127.35,4208.822,4284.944,4244.388,3961.305,3609.771,3365.435,3252.892,3088.937,2902.541,2777.258,2793.463,2680.997,2594.099,2711.841,2986.086,3396.451,3978.095,4921.798,5821.411
6205.867,6205.928,6020.887,5911.027,5999.175,6151.781,6284.983,6428.611,6343.931,5938.724,5080.052,4048.944,3179.592,2682.112,2585.975,2841.079,3231.376,3638.236,3947.34,4220.713,4477.605,4841.348,5218.64,5525.62
5726.464,5793.017,5935.005,6249.298,6847.93,7443.284,7932.141,8148.789,8118.641,7884.813,7998.768,8356.651,8533.539,8369.226,7892.793,7197.048,6273.072,5549.155,5258.108,5361.893,5690.655,6285.665,6905.453,7538.71
8237.955,8914.339,9561.079,10038.823,10408.208,10608.005,10741.409,10866.854,10797.718,10636.322,10284.414,9803.354,9240.866,8523.961,7686.594,7017.022,6703.61,6839.062,7287.57,7893.348,8591.706,9099.032,9452.256,9512.176
9668.001,9841.428,10051.987,10284.377,10551.666,10690.106,10619.884,10545.91,10438.098,10284.07,10032.602,9563.836,8922.06,8282.898,8012.856,8121.947,8734.299,9609.44,10221.584,10683.813,10962.924,11125.047,10982.832,10554.799
10012.194,9331.329,8538.135,8001.171,7873.038,8203.791,8787.259,9438.999,9890.909,10169.226,10423.292,10482.204,10220.41,9727.159,9292.769,9034.755,8863.907,8726.559,8590.001,8474.022,8473.934,8441.422,8199.443,7680.666
6941.999,6242.838,5856.339,6020.795,6703.719,7506.798,7910.071,7963.382,7845.023,7598.371,7178.352,6482.596,5840.933,5325.852,4876.508,4526.842,4396.029,4446.727,4595.446,4694.625,4712.698,4664.409,4594.088,4380.41
4100.811,3788.789,3454.855,3121.182,2761.968,2436.125,2241.626,2225.182,2204.201,2089.795,1857.401,1606.113,1366.084,1220.335,1211.801,1394.431,1668.356,1928.259,2173.472,2433.158,2697.811,2903.647,3118.099,3360.35
3499.9,3624.776,3558.756,3396.839,3118.136,2583.169,2138.503,1839.453,1652.675,1451.268,1262.999,1174.191,1120.675,1092.936,1117.15,1092.474,909.687,693.363,626.516,773.503,1095.971,1604.99,2157.916,2586.174
2749.341,2803.78,2864.479,3005.544,3223.382,3371.188,3400.255,3387.557,3297.219,3128.777,2865.185,2654.209,2354.906,2039.324,1796.726,1819.246,2237.412,2810.672,3329.036,3560.168,3631.178,3644.855,3663.919,3772.94
3952.976,4049.268,4016.373,3974.955,3867.486,3673.288,3499.331,3283.501,2992.972,2640.584,2295.869,2047.762,1811.917,1662.832,1659.4,1849.204,2271.511,2739.231,3057.132,3129.91,3044.412,2770.018,2446.531,2049.285
1846.9,1958.005,2369.288,2963.383,3149.541,2939.94,2566.751,2241.903,2141.246,2241.907,2394.598,2368.433,2030.31,1521.657,1109.963,982.753,1232.022,1796.896,2505.172,3152.222,3741.806,4534.801,5162.701,5104.414
4885.659,4595.254,4278.714,4116.032,4151.401,4387.308,4623.685,5036.994,5406.238,5406.672,5162.875,4717.684,4132.314,3447.134,2526.285,1646.552,1083.598,1148.147,1933.405,3406.539,5163.201,6942.047,8049.083,8608.625
8881.841,8995.389,8992.417,9037.59,9036.448,8802.787,8382.018,7948.292,7734.481,7646.052,7336.913,6775.368,6242.828,5920.99,5795.353,5947.787,6255.392,6408.813,6408.82,6482.525,6623.299,6832.186,7467.056,8440.783
9415.791,9871.386,9638.916,8881.726,7663.478,6608.473,6127.234,5984.677,5889.695,5653.586,4874.776,3868.06,3088.795,2982.02,3296.801,3956.478,4717.718,5381.989,5782.407,5782.19,5617.325,5373.792,5199.247,5081.256
4912.307,4922.244,5098.797,5289.214,5296.136,5204.325,4913.393,4610.798,4659.45,4756.408,4508.528,4166.662,4220.604,4627.737,5037.4,5214.66,4610.546,3867.628,3329.426,2868.63,2490.989,2228.057,2240.884,2401.032
2632.873,2748.586,2767.471,2840.705,3118.468,3494.478,3583.277,3450.579,3283.421,2973.816,2468.53,1891.556,1495.142,1288.025,1187.863,1241.85,1628.574,2355.035,2986.121,2817.602,2097.059,1503.886,1138.346,914.486
773.643,791.868,852.658,936.865,1157.464,1499.512,1722.946,1867.47,1839.3,1841.228,1872.038,1890.675,2025.512,2285.715,2691.127,3283.535,3718.442,3844.99,3797.61,3641.85,3537.048,3142.338,3193.194,3505.507
4015.91,4841.006,5664.674,6262.423,6706.611,6875.524,6999.608,7137.308,7203.936,7233.436,7359.743,7254.541,6897.485,6706.229,7018.355,7536.248,8237.93,8969.317,9508.8,9607.467,9393.544,9126.762,8857.809,8672.927
8540.684,8396.493,8057.027,7610.451,7126.314,6740.731,6537.894,6574.893,6596.77,6285.796,5751.779,5213.056,4788.135,4625.748,4760.188,5193.654,5815.555,6409.032,6879.647,7077.776,7130.944,7066.531,7160.735,7323.685
7359.757,7460.827,7697.554,7945.846,8066.926,7964.285,7840.097,7692.808,7395.734,6977.745,6482.689,5947.712,5332.482,4742.085,4149.403,3722.279,3371.011,3401.905,3780.112,4247.537,4650.779,4725.082,4715.282,4599.173
4449.851,4353.45,4330.815,4560.389,4829.601,5525.77,7082.944,8535.982,8309.77,6703.538,5199.202,4266.478,3933.42,4049.483,4352.903,4607.262,4478.108,4143.649,3884.876,3422.517,3005.786,2688.024,2455.051,2327.595
2133.137,1801.387,1284.884,956.586,1142.182,2027.824,3468.131,4220.976,3933.595,3389.432,3426.786,3546.823,3004.271,2188.756,1384.913,831.917,746.858,1272.881,2688.948,4554.95,5928.648,6403.859,6113.734,5406.246
5296.228,5524.688,5585.161,5547.554,5284.452,5087.753,5036.965,5162.853,5616.969,5712.77,5199.06,4324.756,3209.373,2065.331,1265.425,844.528,775.781,900.766,1079.691,1134.645,1164.99,1362.748,1616.11,1969.181
2394.699,2753.018,3359.7,3962.551,4560.568,5037.472,5358.516,5925.653,6666.777,6658.076,5732.314,4674.335,3699.211,2761.828,2090.211,1677.921,1440.965,1419.642,1355.764,1352.453,1379.897,1519.34,1703.463,1780.488
1613.477,1371.513,1127.531,940.637,759.824,607.763,528.427,516.825,458.679,415.356,352.625,275.735,245.735,279.354,372.453,471.013,625.05,832.45,1152.096,1555.903,2050.893,2823.463,3609.804,4221.747
4453.672,4234.366,3795.065,3156.028,2642.027,2377.176,2052.993,1662.399,1208.417,777.957,490.121,303.029,228.158,223.313,258.194,328.334,463.359,595.066,692.344,660.332,516.185,384.753,264.334,125.498
83.215,74.829,98.409,128.791,184.245,228.679,206.188,113.735,30.377,5.884,1.588,0.75,0.614,0.5,0.34,0.146,0.08,0.089,0.096,0.027,0.0,0.0,0.0,0.0
0.0,0.0,0.0,0.12,0.58,1.373,1.914,1.733,0.805,0.252,0.04,0.001,0.0,0.013,0.123,1.564,5.719,12.566,40.203,84.657,90.986,61.403,36.412,21.031
18.871,31.917,76.818,219.713,452.455,558.367,577.281,547.755,511.105,491.94,572.221,728.025,773.541,685.615,519.817,409.681,421.976,502.919,644.157,783.095,771.338,629.502,468.354,283.329
86.342,11.616,0.897,0.138,0.332,4.258,43.663,205.277,401.335,446.204,389.463,270.804,147.04,72.458,43.815,46.023,70.733,126.636,195.502,220.464,193.502,182.461,245.776,273.578
171.655,35.75,1.084,0.013,0.0,0.0,0.183,4.202,16.671,15.205,11.715,10.997,11.785,18.03,31.74,52.215,36.025,12.292,6.8,11.416,37.515,108.909,212.108,296.651
281.952,178.421,106.256,99.319,132.064,109.382,57.864,17.886,3.316,0.465,0.12,0.067,0.067,0.113,0.479,4.031,17.719,30.765,27.69,21.104,20.508,32.956,73.621,165.571
296.312,540.341,1023.386,1838.071,2565.089,2881.071,2824.851,2018.126,1040.406,601.404,495.818,568.056,724.698,895.891,899.935,704.107,400.668,207.299,234.241,283.834,335.372,344.376,264.767,148.389
108.136,139.221,138.266,120.575,155.281,228.082,322.448,409.862,525.349,658.755,674.066,603.036,497.321,274.88,56.392,2.121,0.367,5.431,55.849,227.21,552.313,817.736,924.435,840.135
643.337,357.935,130.349,37.113,24.915,69.364,273.59,753.771,1174.729,1515.367,1848.783,2069.835,2249.014,2385.435,2717.483,2956.435,3095.569,3137.272,3180.988,3434.228,3751.803,4206.398,4387.335,4015.773
3344.27,2672.693,1958.45,1392.348,1060.865,911.622,759.78,557.749,453.143,378.095,272.742,122.173,65.916,72.307,173.849,401.582,626.968,783.637,820.833,789.046,767.969,773.707,817.838,958.423
1172.346,1426.154,1723.07,2291.155,2946.756,3487.527,4215.133,4554.954,4229.122,3499.761,3115.044,3066.633,2993.534,2723.757,2423.371,2257.749,2105.551,1944.324,1891.286,1780.468,1589.199,1382.804,1185.849,968.056
757.549,582.562,459.457,400.638,336.652,249.548,130.565,44.486,7.855,0.674,0.013,0.0,0.0,0.0,0.0,0.0,0.151,9.206,101.345,227.13,149.484,20.203,0.517,0.0
0.0,0.016,1.081,18.011,114.281,343.636,688.678,959.338,1144.418,1244.232,1116.34,901.693,636.729,352.802,123.761,11.368,0.446,0.027,0.055,0.128,0.027,0.0,0.0,0.0
0.07,8.278,146.386,643.084,923.453,1125.388,1487.135,2131.61,2981.21,3797.934,3900.429,3223.036,2423.824,1754.597,1276.602,862.605,524.28,284.014,111.659,49.066,38.575,30.207,13.622,2.041
0.127,0.013,0.182,3.114,8.242,6.675,2.262,0.513,0.243,1.825,36.813,141.798,169.027,88.743,28.945,3.443,0.456,0.12,0.154,1.684,44.617,348.189,563.951,602.965
563.575,403.705,187.451,61.592,29.231,31.802,41.632,77.802,130.034,179.624,277.468,354.008,387.289,413.354,461.959,599.87,731.942,746.165,742.042,800.032,926.709,1096.535,1217.016,1268.455
1419.217,1494.267,1452.218,1184.324,915.708,773.566,727.03,770.428,817.667,916.017,1001.312,960.395,886.492,857.194,766.178,637.255,391.155,143.47,27.196,6.121,7.425,15.661,27.886,41.934
49.404,82.609,155.268,344.345,591.599,835.745,1210.21,1705.458,2402.558,2928.723,2806.217,2143.925,1371.96,899.773,700.635,695.748,869.34,1125.723,1192.649,1114.486,852.446,763.873,980.473,1474.511
1991.34,2566.293,3153.83,3720.302,4102.919,4166.704,4016.284,3607.909,2986.069,2394.475,1989.509,1677.663,1424.331,1415.937,1488.233,1184.37,577.466,72.495,0.955,0.12,1.939,46.471,307.731,680.801
1055.447,1347.222,1505.885,1575.643,1681.577,1715.098,1748.033,1714.024,1658.241,1729.1,1623.172,1282.161,937.588,569.625,337.755,227.669,166.533,165.552,369.091,945.179,1936.524,3322.109,4741.5,5570.642
5571.002,5303.507,5178.462,5072.762,4949.895,4792.498,4488.867,3941.94,3272.415,2869.559,2570.268,2282.308,2056.124,1784.636,1639.479,1503.868,1324.508,1256.293,1385.822,1697.589,2230.645,2783.63,3376.299,3911.68
4391.996,4811.516,5056.894,5209.106,4899.961,4439.372,3824.065,3253.319,2817.79,2586.172,2666.585,2813.412,2920.204,2774.384,2625.897,2703.631,2816.623,2839.176,2801.008,2689.088,2262.733,1719.112,1197.45,862.644
643.456,530.414,634.39,845.038,1110.89,1415.629,1780.136,2074.974,2400.061,2645.29,3150.069,3652.495,3657.039,3222.688,2462.072,1804.435,1504.27,1206.95,747.021,375.782,209.655,159.749,165.722,160.045
77.057,5.597,0.013,0.0,0.0,0.0,0.0,2.088,85.842,223.866,178.637,74.816,30.076,8.989,2.628,1.617,8.224,88.785,449.047,1133.3,1722.152,2049.737,1597.825,684.254
34.431,0.164,0.058,1.498,5.955,9.541,8.019,3.986,0.959,0.188,0.136,0.463,3.415,21.747,95.887,183.631,166.303,93.483,45.664,63.35,84.737,144.992,146.051,122.712
142.716,144.984,159.736,237.183,339.359,486.022,745.069,1051.45,1452.143,2071.747,2671.994,3101.189,3317.06,3274.066,3185.825,3161.23,3520.345,4007.556,4401.005,4594.924,4309.044,3510.378,2362.199,1347.572
584.204,113.055,2.23,0.0,0.0,10.313,239.538,659.839,925.319,1115.301,1181.4,1104.974,970.797,785.237,592.95,431.2,289.735,231.159,198.924,178.875,177.209,143.832,116.725,100.734
82.348,82.301,109.467,194.192,376.912,624.79,970.817,1355.622,1700.693,2002.626,2176.138,2183.995,2090.279,2023.04,1937.464,1862.417,1747.715,1610.434,1582.322,1607.6,1714.504,1686.219,1613.486,1489.593
1328.174,1135.693,965.216,864.545,790.165,751.274,715.514,679.752,638.007,633.584,606.636,510.0,424.967,330.798,268.238,299.813,365.582,441.927,574.105,678.358,673.082,645.88,606.303,715.232
798.614,891.003,1018.717,1121.529,1151.117,1207.412,1343.155,1430.094,1534.032,1643.718,1744.561,1596.397,1356.666,1128.122,788.751,355.91,39.633,0.893,0.027,0.295,7.312,62.948,227.066,417.285
603.377,773.73,906.762,1012.954,1128.824,1274.136,1373.224,1391.301,1355.799,1283.982,1194.515,1023.351,805.977,576.901,430.087,382.011,498.209,795.677,1290.987,2150.839,3283.25,4225.664,4717.949,4866.053
4891.512,4824.162,4698.441,4560.785,4444.426,4438.873,4438.927,4444.037,4403.048,4319.513,4377.449,4330.971,4145.155,4149.645,4184.191,4330.507,4166.814,3900.37,3740.534,3780.505,4040.498,4132.369,4154.848,4082.609
3900.92,3481.155,3045.675,2630.011,2191.998,1823.657,1755.0,1862.409,1986.663,1902.827,1773.834,1614.289,1413.183,1189.216,963.199,723.756,527.361,337.149,133.984,20.123,0.998,0.027,0.0,0.0
0.0,0.027,0.528,5.3,27.151,108.544,324.258,599.803,840.834,1125.38,1378.998,1513.894,1552.247,1664.111,1839.18,2140.988,2338.263,2051.971,1300.961,606.666,176.683,18.979,0.12,0.0
0.0,0.382,15.381,89.36,227.723,410.509,544.676,634.476,793.391,1122.21,1394.398,1435.036,1385.899,1291.305,1214.167,1140.388,1062.563,950.354,960.628,1031.398,921.142,699.521,499.64,301.173
220.863,379.632,717.317,1226.891,1622.132,1707.01,1483.149,1266.63,1392.268,1657.378,2026.971,2086.942,1945.094,1660.769,1503.795,1496.911,1638.731,1949.441,2321.944,2536.118,2575.902,2237.654,1799.218,1443.705
1290.126,1235.17,1285.365,1589.176,1977.51,2450.53,2862.887,3024.912,3118.463,3127.001,2737.385,2012.283,1340.39,902.253,630.838,496.914,419.807,364.519,349.547,366.349,355.602,247.951,123.902,84.79
78.426,54.436,24.198,15.337,33.919,101.497,194.06,269.034,418.789,605.717,650.397,521.527,377.611,267.999,273.633,417.573,550.727,607.904,637.538,598.843,543.263,426.27,514.209,747.97
853.544,897.789,890.63,918.736,895.728,790.659,725.309,668.162,667.419,723.616,801.838,840.454,854.162,931.783,1044.472,1208.094,1256.261,1288.588,1433.161,1713.027,2117.538,2601.318,3308.045,4319.442
5371.032,6549.39,7805.039,8853.658,9596.314,10076.902,10339.92,10417.133,10205.95,9741.791,9128.895,8507.258,7871.173,7124.396,6302.683,5791.222,5857.86,6267.899,6732.731,7150.165,7323.69,7227.193,7062.272,6864.044
6482.546,5940.124,5525.976,5377.205,5401.511,5525.992,5828.68,6150.559,6497.676,6785.47,6924.925,6941.985,6832.163,6703.585,6466.705,6371.898,6256.399,6205.726,6288.584,6392.34,6506.5,6527.5,6651.237,6733.69
6484.497,6096.568,5707.575,5654.977,6053.868,6691.594,7359.735,7779.747,7954.659,7972.024,7696.015,7383.928,6991.032,6437.98,5767.772,5089.319,4402.554,3868.063,3538.14,3433.89,2985.811,2146.572,1675.688,1651.568
1955.932,2503.896,3174.798,3920.352,4508.473,5107.626,5753.13,6372.026,6853.856,7197.05,7053.744,6592.411,5828.46,4936.729,4152.109,3468.663,2936.297,2690.979,2593.873,2750.817,3055.996,3576.291,4141.58,4519.461
5198.72,6006.431,6445.839,6538.066,6649.806,6996.825,7242.072,7359.738,7264.297,7056.413,6867.958,6423.528,5912.883,5549.809,5325.752,5237.49,5191.239,5198.01,5234.852,5235.173,5116.899,4801.261,4444.531,4195.279
4037.706,4049.355,4209.887,4509.026,4809.215,4956.261,4961.958,4801.099,4536.471,4188.905,3752.363,3341.001,3046.242,2855.372,2776.595,2913.401,3088.742,3223.187,3387.335,3609.9,3802.519,3899.324,3977.433,4038.442
4015.616,3985.343,3933.728,4016.294,4049.483,4080.744,4125.218,4100.195,4016.358,4018.285,4123.904,4167.222,4164.184,4119.553,4116.015,4232.516,4508.08,4713.263,4824.524,5001.429,5352.634,5669.464,5824.709,5883.97
5984.474,6129.4,6290.081,6463.44,6408.801,6031.442,5653.874,5235.254,4914.889,4690.549,4783.38,4956.245,5073.152,5148.9,5154.851,5196.133,5162.668,5162.994,5361.382,5533.42,5677.576,5690.483,5640.87,5502.761
5362.198,5325.681,5388.659,5526.015,5817.354,6242.754,6589.435,6768.256,6832.091,6870.347,6998.432,7037.734,7124.411,7232.726,7376.167,7474.564,7206.071,6708.261,6409.006,6408.748,6690.276,7040.532,7746.531,8622.92
9400.285,10111.289,10729.556,11194.774,11563.374,11800.847,11865.5,11831.135,11738.298,11634.25,11588.447,11486.41,11219.354,10812.898,10403.624,10071.416,9746.972,9434.963,9331.174,9417.284,9550.157,9695.386,9946.81,10271.895
10505.203,10698.507,10834.546,10928.305,10919.2,10840.233,10690.387,10356.422,9887.498,9189.63,8339.453,7610.492,7323.687,7469.659,7645.936,7840.229,7951.617,8203.963,8323.761,8655.165,8924.556,9103.982,9207.763,9334.721
9508.889,9669.405,9807.808,10039.481,10309.075,10552.29,10702.471,10709.59,10376.131,9799.143,9189.96,8474.161,7813.016,7512.81,7539.43,7840.154,8117.682,8346.322,8409.312,8371.859,8283.471,8169.693,8099.44,8149.895
8319.668,8507.3,8730.166,8924.685,9045.04,9046.78,8748.331,8169.699,7739.074,7805.083,8300.311,8822.825,8978.35,8681.887,8115.352,7610.418,7041.997,6445.694,5947.773,5782.238,5763.438,5576.272,5564.337,5918.76
6482.562,6802.027,6987.645,7055.351,6905.414,6517.087,6206.061,6155.228,6269.605,6549.61,6884.01,7124.405,7124.42,6996.877,6868.882,6873.141,6942.062,6978.618,6913.012,6763.801,6696.092,6563.273,6372.022,6234.303
5984.744,5576.71,5153.976,4753.02,4732.36,5073.29,5534.892,6014.711,6425.766,6711.772,6537.945,6015.178,5362.116,4701.424,4142.174,3892.18,3961.811,4216.415,4162.34,3843.973,3609.96,3253.446,3105.969,3118.187
3197.318,3312.55,3420.437,3469.688,3336.879,3150.76,3015.12,2914.676,2871.098,2986.63,3156.155,3298.49,3356.562,3385.417,3376.983,3389.596,3499.496,3673.75,3954.237,4170.823,4240.124,4071.671,3829.841,3557.018
3392.39,3403.235,3527.254,3665.075,3794.239,3836.601,3775.668,3673.413,3506.567,3187.7,2721.424,2190.208,1685.428,1271.332,996.124,905.469,1062.204,1538.368,2042.088,2395.055,2443.983,2185.338,1922.013,1706.834
1668.255,1808.371,2079.457,2379.586,2493.697,2489.601,2362.304,2149.736,2069.51,2125.866,2149.363,1977.279,1829.859,1780.163,1620.014,1503.979,1508.731,1701.912,1901.511,1951.506,1726.409,1352.835,1019.082,905.321
923.902,1117.19,1558.499,2137.864,2734.941,3093.995,3119.78,2977.56,2689.079,2451.529,2264.596,1985.486,1700.166,1493.862,1316.6,1180.082,1149.276,1158.378,1281.313,1492.222,1757.094,1979.813,2300.657,2706.006
3004.567,3172.056,3391.857,3721.655,3867.868,3756.66,3499.458,3121.218,2746.473,2381.078,2089.159,1951.364,1872.971,1851.381,1872.214,1956.163,2134.966,2264.106,2195.823,1909.857,1631.676,1444.251,1403.039,1413.927
1450.222,1524.71,1613.445,1662.332,1576.053,1420.462,1293.83,1156.475,985.584,808.782,774.251,844.371,912.099,986.006,1100.973,1354.466,1617.441,1892.273,2271.902,2708.084,3117.911,3468.346,3933.368,4439.446
4717.749,4912.466,5257.645,5690.338,6290.271,6785.603,7124.384,7223.814,7323.686,7359.753,7231.375,6996.829,6548.968,5984.468,5477.87,5279.824,5653.628,6338.803,6903.459,7160.734,7038.42,6621.834,5839.904,4932.155
4249.787,3976.032,4127.988,4634.109,5134.481,5198.92,4800.64,4330.279,4116.738,4166.518,4392.86,4387.9,3881.793,3106.365,2651.686,2794.485,3449.807,4508.428,5781.535,6841.409,7160.744,6574.776,5779.959,5132.525
4841.261,4841.298,4951.447,5000.799,4783.169,4345.955,3900.224,3531.158,3275.112,3014.93,2774.4,2573.304,2413.259,2379.004,2475.076,2763.885,3052.828,3253.361,3332.834,3349.867,3360.329,3252.97,3044.79,2832.144
2659.405,2651.295,2817.147,3044.452,3304.367,3386.171,3360.202,3359.572,3342.687,3252.769,3015.457,2690.519,2277.888,1882.882,1555.14,1238.896,949.884,768.648,641.434,549.455,468.692,376.017,303.197,287.728
291.997,321.754,370.213,481.875,480.338,370.633,267.94,218.806,163.563,92.318,41.286,19.265,13.981,13.456,18.796,42.701,110.139,228.597,346.35,425.489,494.473,553.232,605.238,651.114
695.343,723.633,767.099,822.985,878.686,907.308,911.321,939.832,976.842,991.864,955.812,885.443,800.847,757.339,762.21,857.162,1017.69,1192.558,1371.311,1561.592,1731.102,1915.206,2093.312,2331.0
2544.421,2839.046,3253.543,3727.882,4166.483,4473.645,4680.142,4847.466,5036.997,5163.239,5489.416,5896.586,6098.566,6205.943,6290.127,6521.949,6740.185,6869.735,6989.017,7197.04,7482.969,7709.967,7913.364,7964.865
7734.548,7359.735,6966.422,6611.746,6213.715,5775.24,5393.508,5048.86,4648.325,4203.062,3963.13,3794.552,3579.676,3401.943,3283.91,3312.134,3416.74,3721.828,4167.616,4621.86,4924.883,5111.691,5489.498,5971.506
6408.795,6756.5,7044.574,7287.57,7442.825,7645.011,7849.857,7943.553,7892.742,7734.506,7610.459,7438.052,7209.907,6996.876,6892.28,6996.833,7124.397,7245.958,7587.098,8021.596,8445.287,8680.234,8945.208,9154.958
9301.464,9468.886,9763.206,10323.894,10767.716,11119.345,11458.058,11710.711,11728.241,11440.183,11028.158,10627.327,10304.582,10106.909,10182.72,10468.679,10554.432,10712.681,11214.881,11629.997,11890.362,11939.831,12053.248,12178.647
12250.265,12270.826,12297.754,12403.213,12416.696,12288.526,12110.887,11901.569,11800.499,11745.713,11713.568,11739.812,11778.085,11770.615,11771.069,11693.413,11735.657,11881.581,12053.726,12241.046,12337.707,12339.856,12219.932,11950.308
11659.85,11404.534,11190.09,10981.907,10736.479,10520.93,10252.559,10012.882,9586.059,8992.864,8378.052,7734.53,6958.127,6352.12,5947.894,5841.493,5918.158,6190.839,6666.764,7096.554,7274.481,7124.4,6708.285,6266.988
6076.677,5947.792,5421.003,4694.336,4248.873,4186.636,4366.874,4683.302,4934.194,5037.282,5098.853,5032.802,4717.805,4441.891,4285.068,4120.478,3911.85,3867.743,4049.608,4439.104,4788.067,4948.512,4998.618,4876.848
4595.626,4191.443,3785.582,3418.102,3162.367,3044.712,2942.734,2941.183,3015.224,3090.326,3135.115,3139.648,3088.643,2986.625,2843.708,2713.746,2735.628,3015.677,3413.851,3907.402,4387.338,4651.056,4731.435,4594.959
4311.235,4138.98,4117.899,3967.51,3774.48,3721.682,4015.664,4473.639,5058.377,5715.304,6079.105,6156.807,6186.593,6278.376,6408.782,6574.775,6834.066,7124.42,7323.689,7393.61,7310.264,7168.014,7027.072,6832.19
6816.978,6942.055,7106.641,7201.753,7232.161,7009.534,6574.836,6150.464,5936.604,5931.207,6076.777,6219.963,6160.328,5872.534,5452.689,5217.696,4949.571,4682.842,4508.479,4352.997,4166.711,4010.561,4082.652,4439.098
4991.29,5704.775,6445.674,7033.323,7160.756,7013.609,6942.724,7033.327,7136.463,7216.384,7155.798,6859.058,6441.135,6020.717,5833.894,5984.769,6538.018,7262.727,7934.26,8491.354,8835.544,9024.154,9205.507,9356.961
9463.028,9607.325,9788.137,10000.843,10135.776,10171.405,10309.893,10560.961,10815.688,10983.354,11167.485,11370.425,11474.198,11448.944,11321.337,11210.419,10914.619,10601.695,10396.801,10335.0,10258.757,10142.299,10038.724,10004.771
10050.336,10246.149,10552.261,10801.588,10979.691,11076.314,11212.608,11271.303,11174.862,11168.997,11069.234,10791.821,10328.297,9773.126,9419.912,9261.939,9037.029,8695.806,8185.619,7583.524,6884.894,6371.921,6265.499,6301.133
6286.652,6301.462,6472.348,6617.833,6760.478,6942.011,7124.418,7232.671,7209.58,7289.716,7510.671,7840.179,7993.762,7892.826,7610.4,7243.995,7033.37,7123.766,7197.035,7218.158,7059.438,6735.641,6382.507,6076.838
6063.198,6325.825,6741.197,7323.689,7943.304,8678.988,9422.953,9958.936,10284.832,10396.307,10346.242,10104.017,9716.471,9392.837,9202.494,9188.631,9041.656,8913.643,8909.431,8933.282,8914.051,8791.131,8816.168,8876.533
8807.624,8731.128,8896.823,9375.917,9958.703,10329.155,10439.31,10334.551,10052.561,9639.667,9252.09,8915.672,8454.234,8090.602,8101.893,8495.818,9047.86,9519.002,9811.093,10054.537,10267.03,10343.838,10690.781,11096.931
11400.923,11575.653,11710.605,11810.709,11788.074,11663.93,11474.41,11211.751,10759.65,10404.186,10447.349,10528.997,10552.692,10505.069,10174.605,9648.966,9240.341,8888.383,8575.49,8386.017,8322.792,8324.574,8566.235,9207.732
10271.529,10908.779,10888.911,10528.79,10359.315,10501.971,10734.941,10822.872,10788.205,10609.414,10191.739,9564.268,9048.757,8732.512,8604.894,8783.749,9316.898,10022.779,10756.541,11428.73,11932.207,12174.674,12195.112,12126.0
12048.35,11943.284,11802.575,11620.447,11361.122,11144.103,10912.363,10713.252,10664.684,10690.187,10867.656,11125.31,11212.071,11130.728,10998.677,10867.801,10643.061,10339.305,10077.15,9902.5,9727.195,9467.187,9118.096,8651.889
8236.038,7920.204,7756.194,7556.927,7160.742,6610.33,5947.642,5289.519,4669.015,4118.341,3776.926,3531.156,3308.947,3089.08,2958.212,2924.772,2929.099,3015.39,3223.289,3531.323,3814.962,4015.741,4041.248,3900.419
3683.945,3431.471,3172.927,2950.025,2712.141,2498.661,2265.932,2002.234,1682.157,1317.112,935.074,659.518,493.202,401.464,391.214,453.264,621.487,862.787,1023.124,1114.143,1118.39,1036.473,1023.213,1073.502
1157.546,1262.975,1415.639,1594.688,1568.792,1387.16,1284.532,1256.428,1266.689,1271.082,1334.163,1429.758,1520.074,1617.262,1773.608,2037.711,2398.389,2897.989,3425.17,3933.744,4275.006,4332.357,4233.947,4015.786
3674.078,3379.385,3170.571,3118.054,3222.642,3329.53,3393.675,3467.945,3486.913,3340.539,3164.186,2976.595,2777.231,2722.441,2822.182,3041.678,3096.317,3136.112,3328.989,3708.193,4082.915,4224.934,4387.798,4560.172
4788.289,5174.573,5754.067,6538.052,7467.468,8237.935,8787.758,9043.462,8850.27,8183.029,7395.298,6728.532,6219.934,5782.194,5489.264,5362.137,5479.087,5653.978,5817.559,6113.784,6495.64,6739.305,6905.426,6982.695
6868.87,6666.832,6521.593,6537.864,6561.72,6611.644,6753.221,6869.735,6832.155,6611.753,6332.912,5896.243,5325.29,4637.57,4100.758,3825.735,3977.447,4564.425,5289.285,5998.043,6611.684,7068.955,7442.892,7691.466
7943.872,8365.216,8764.404,8986.656,9057.385,9050.807,9133.235,9141.001,9062.732,8810.059,8594.782,8368.365,8212.619,8128.459,8086.834,8098.265,8098.788,8135.94,8325.804,8691.677,9058.105,9349.223,9422.657,9438.452
9509.191,9508.754,9448.841,9406.747,9477.869,9639.114,9799.896,9901.414,9775.009,9696.449,9509.503,9133.184,8638.27,8176.442,7861.616,7873.704,8169.812,8544.359,8945.588,9300.979,9746.648,10104.885,10412.054,10625.392
10713.175,10756.292,10813.296,10966.257,11079.058,11124.837,11230.651,11324.729,11440.364,11552.077,11598.476,11643.661,11663.073,11731.777,11895.596,12057.439,12178.993,12260.109,12241.403,12199.11,12134.813,12031.589,11881.119,11722.073
11590.447,11459.073,11331.454,11162.685,11016.623,10853.137,10615.531,10428.567,10351.891,10288.075,10085.96,9721.929,9219.923,8649.278,8169.743,7954.895,8131.774,8385.359,8365.44,8304.825,8370.265,8471.299,8169.668,7761.601
7805.059,8189.426,7610.397,6088.396,5449.694,6101.883,7141.65,7610.383,7534.084,7395.764,6942.042,6113.62,5218.03,4563.806,4166.524,4022.446,4407.29,5097.891,5947.793,6754.791,7410.723,7830.044,7949.229,8014.57
8018.818,7952.973,8084.656,8237.32,8408.81,8657.884,8782.317,8720.914,8623.102,8541.243,8477.883,8589.889,8729.248,8972.291,9391.755,10012.925,10587.549,11061.7,11474.985,11785.955,11996.103,12154.385,12232.185,12231.38
12180.126,12091.795,11962.976,11806.862,11707.322,11543.048,11318.534,11173.141,10965.387,10466.778,9776.829,9118.383,8520.67,8050.834,7802.944,7804.956,8238.052,8781.879,9212.973,9430.983,9411.953,9203.049,8748.198,8203.737
7769.885,7528.188,7348.389,6982.735,6574.726,6225.284,6032.404,6005.831,5973.078,5908.377,5984.683,6286.019,6469.108,6533.535,6654.064,7033.31,7449.621,7763.77,7850.823,7778.437,7630.013,7258.732,6789.248,6264.927
5781.934,5489.415,5456.594,5529.27,5782.148,6104.502,6482.722,6938.129,7395.756,7826.145,7840.232,7432.511,6868.815,6287.422,5823.923,5690.433,5920.491,6311.023,6614.254,6890.255,7038.155,7007.617,6905.378,6621.968
6372.009,6205.864,6150.665,6029.97,5998.302,6226.185,6830.128,7389.058,7905.731,8457.841,8850.16,8774.477,8634.496,8249.07,7840.234,7610.798,7568.343,7610.723,7804.999,8043.245,8237.879,8267.12,8179.595,7969.026
7836.87,7633.106,7472.43,7437.009,7246.722,6954.224,6758.236,6746.391,7000.126,7323.683,7418.496,7197.042,6813.877,6306.933,5889.518,5773.769,5808.911,5939.657,5930.064,5833.618,5624.339,5361.856,5000.121,4625.51
4347.262,4138.611,4363.584,5085.229,5823.189,5913.53,6091.316,6616.787,7323.678,7528.968,7148.458,6466.635,5911.005,5782.079,5923.408,6284.928,6574.754,6449.772,6113.646,5525.483,4753.242,4216.93,4439.603,5344.113
6219.392,6713.337,7033.337,6996.845,6348.177,5525.84,5162.709,5202.743,5378.277,5570.835,5490.618,4718.465,3796.354,3228.461,3048.267,3089.121,3329.646,3727.348,4248.001,12259.853,12392.803,12466.543,12524.574,12500.137
