0,1,2,3,4,5,6,7,8,9,10,11,12,13,14,15,16,17,18,19,20,21,22,23
19682.1,19779,19907.4,19659.1,19280.7,19099.7,18904.4,18922.5,19674.1,20611.3,21374.4,21645.7,21558.4,21338.8,20992.8,20776.4,20658.3,20355.9,21444,22295.8,21959.7,22432,22173.7,3127.3
6842.7,12221.6,18107.3,17500.1,16925.9,16677.3,16706.8,17307.9,19820.3,23209.2,24799,24726,24785.2,23096.4,24071.1,23900,16790.9,23249.9,24987.5,25570,24084.3,20944.2,21062.4,21454.6
20581.9,19781.1,19152.2,18675.4,18324.5,18099.2,18060.7,18679.6,21317.5,24362.6,25533.2,25643.8,24700.8,22900.2,23928.1,26177.3,25946.1,25482.2,25594.2,25327.1,24245.7,23263.6,23021.6,21624.7
21147.6,20386.7,19743.3,19029.4,18637.3,18459.3,18449.8,19084.7,21696.9,24931.8,25578.7,25642.3,24789.5,22671.5,23602.4,25810.9,25891.6,25049.1,25443.1,25568.5,24182.1,22973,22425,21816.6
20312.1,20008.5,19666.1,19133.4,18844.7,18680.1,18542.8,18358,20854.9,24282,25222.6,25151.7,24585.3,22640.8,23049.5,25038.2,25008.1,24274.8,25078,25451.3,24127.1,22808.9,22342.4,21666.1
20949.6,20446.3,19840.2,19206.1,18729.8,18387.6,18169.9,18207.3,19566.2,21805.7,22298.9,21234.8,21173,19894.2,19940.1,20103.5,20100.7,21477.5,22877.3,23439.4,22195,21403.8,20894.2,20347.1
19565.8,19015.7,18399.2,17853.6,17500.8,17335.5,17217.6,17293.1,18728.4,20683.8,22192.1,22337.9,22205.2,20527.8,20351.6,20405.4,20274.3,21362,22607.4,23389.1,22424.1,21743.8,21505.2,20745.4
19849.3,19129.5,18505.6,18042.3,17721.7,17521.5,17610.8,18122.8,20888.5,24167.8,25377.6,25600.9,24732.9,22773.2,22777.4,25362.3,25835.8,24777.5,24384.6,24405.7,23113.2,22003.4,21563,20717.2
19694.3,18760.3,18100.4,17630.8,17181.1,16988,17068.4,17639,20196.3,23291,24433.5,24685,23814.4,22442.8,23471.6,25464.6,25206.8,23619.5,23419.2,23675.7,22487.5,21620.5,21043.2,20229.1
19328,18536.6,17871.5,17325.2,16892.8,16798.1,17136,17552.8,20073.6,23025.7,24389.8,24479.6,23730.5,22168.3,22969.2,24810.9,24847.4,24040.6,24006.4,24168.5,22931.6,21888.3,21353.2,20374.9
19305,18470.9,17825.7,17188.9,16687,16450.3,16648.1,17138.6,19808.2,22623.3,23833.8,24259,23453.9,21946.3,22813.9,24879.6,24734.9,23773,23658.9,23630.3,22284.5,21163.7,20742.9,19982.9
19073.8,18364.9,17848.6,17293.7,16978.2,16830,16752.7,17051.6,19102.1,22116.5,23408.2,23676.5,23249.4,21519.1,21870.9,23549.7,23628.2,22333.5,22167.1,23548.3,22451.9,21279.5,20711.8,20049.9
19351.9,18647.3,18082.7,17071.7,16528.8,16458.3,16405.4,16678.6,18060.8,19900.1,21212,21471.5,21302.2,19656,19682.6,19346.7,19299.1,20460.3,21611.3,22265.7,21460.3,20917.6,20323.7,19484.7
18942.1,18311.3,17681.4,17168,16924.1,16780.1,16894.7,17496.6,20074.1,23044,23081.5,23191.8,22421.5,21387.7,22518.2,24730.9,24731.9,23785,23718.1,23725.8,22412.9,21572.5,21239.7,20519.2
19673.8,18874.2,18139.1,17181,17026.6,16966.7,17076.9,17626.7,20115,23229.5,24309,24531.6,23640.2,21096.5,23184.2,25209.9,25222.2,24238.2,24137,24207.7,22836.4,21877.6,21447.8,20531.2
19686.2,18830.7,18209,17784.3,17357.3,17219,17266.7,17902.8,18784.8,21752.8,23554.4,23846.7,23285.4,22159.1,23239.7,25212.7,25102.4,24393,24239.5,24277.3,22719.5,21793.7,21321.3,20473.9
19523.1,18840.1,18074.1,17506.7,17109.3,17055.9,17041.3,17626.1,19989.9,23106.9,24098.7,24284.4,23402.7,22034.4,23108.8,25119.3,24901,24028.7,23714.5,23897.5,22499.7,21672,21367.6,20602
19518.1,18771.6,18157.3,17548.2,17203.2,17288.7,17303.7,15592,15195.7,19464.8,21000.5,22426.1,23109.3,22478,23445.3,25417.8,25085.2,24182.1,23896,23937.1,22421.9,21449.7,21152.5,20402.8
19559.2,18957.7,18358.1,17759.8,17361.5,17015.9,16925.9,16970.7,18778.1,22128,23449.1,23605.1,22924.9,21216.2,21660.3,23533.9,23730.1,23014.9,23334.4,23767.7,22414.1,21391.8,21034.6,20220.2
19608.1,19074.1,18546.7,18017.3,17701.5,17403.2,17281.7,17121.4,18225,19811.2,21441.4,21518.4,21249.6,19864,19636.9,19691,19637.9,14579.4,15945.1,22326.9,21476,20923.7,20714.6,20128.2
19422.1,18727.6,18006.1,17433.3,17088,16927.7,17151,17604.2,20075.9,23026.4,23903.6,23709.8,23466.8,22273.6,23057.2,25141.3,25223.5,24316,23794.8,23864,22472.2,21478.2,21087.8,20217.2
19260.4,18691.9,18011.1,17560.9,17142.6,17246.7,17309.3,17697.5,20199.2,22964.9,23961.3,24185.7,23329.9,21639,22843.4,24988.2,24962,23932.1,23648.3,23851.6,22661,21744.4,21414.9,20482.6
19477,18740.2,18120.1,17727.1,17368.9,17248.5,17431.3,17373.6,19732.4,22806.3,24151.8,24491.3,23651.6,21082.1,22624.4,25172.9,25316,24473.2,24113.7,24452.1,23191.2,22149.1,21624.2,20811.3
19726.5,18908.2,18274.6,17788.1,17582.7,17447.2,17662,18200.2,20209.3,22480.7,23566.1,24139.4,23229.3,22078.7,22988,24927.5,25067.9,24195.2,23886.5,24219.6,22892.8,21985.2,21783.4,21021
20029.9,19157.3,18397.4,17901.9,17574.2,17518.2,17672.6,18190.2,20802.2,23573.9,24416.9,24667.4,23917.2,22058.1,23369,25344.4,25422.6,24788.8,24665.1,24911.8,23249,22051,21596.8,20891.1
19994.9,19218.2,18560,17959,17532.4,17386.1,17215.3,17273.1,18290.5,21644.4,23055,23511.1,22980.2,21337.4,21754.4,23477.4,23580.7,22795.5,23232.8,23707.5,22310.9,21230.8,20703.2,19981
19101.3,18399.3,17730.6,17179.3,16810.8,16612.4,16525.1,16620.2,17934,19840.7,21267.2,21361.7,21189.1,19902.4,19872.2,19952.2,20048,20603.5,21747.8,22540.5,21569.8,21092.7,20760,19969.7
18998.8,18228,17510.3,16981.9,16645.9,16539.2,16566.4,17167.9,19973.1,22988.8,24168.4,24455.4,23552.6,22332.3,23375.3,25114.6,24738.6,24109.3,23529.6,23729.5,22424,21581.7,21098.2,20027
18953.8,18140.6,17446.1,16858.1,16454.7,16409.2,16494.5,16514,18897,22038.6,23265.9,23580.9,22985.3,22282.1,23342,25250.2,25282.4,24497.4,23786,24067.8,22798.8,21754.9,21164.8,20150.1
18969.1,18208.8,17590.6,17059.5,16716.6,16747.7,16770.2,17470.3,19934.8,22643.6,23849.3,24174.1,23340.9,22117.3,23186.5,25140.5,25173.5,24249.1,23830.9,24119.1,22808.7,21997.4,21343.1,20313.5
19121.8,18286.4,17510,17097.1,16625.7,16566.8,16776.6,16273.5,18372.7,21607,23193.7,24266,23141.3,22163.1,23309,25295,25401.4,24387.4,23706.1,23645.5,22340.4,21456.8,20985.2,20217.2
19132.2,18328.9,17674.3,17245.5,16883.9,16879.6,16967.3,17506.2,19837.7,22780.5,23946.6,24381.8,23633.5,22505.6,23646.7,25506.2,25349.7,24446,23893.5,24396.8,23268.9,22125.7,21571.8,20850.7
19989.1,19264.8,18596.8,18046.8,17648.3,17372.8,17456.7,17564.2,19442,22840,23232.6,23739.2,23103.9,21572.1,22023.2,23917.8,23954.8,23153.1,23186.1,23495.2,22269.9,21265.2,21078.1,20396.7
19688.7,19070.9,18538.5,17853.1,17445.3,17273.4,17278.7,17117,18255.8,19892,21091.4,21173.1,20999.5,19823.4,20085.3,20123.5,19823.7,20832.4,21675.3,22596.3,21807.1,21309.5,20896.4,20213.7
19222.5,18425.1,17820.8,17350.3,17032,16926.4,17016.1,17615.2,20134.9,23137.1,24235.2,24603.3,23616.7,22449.3,23591.8,25493.6,25431.3,24367.9,23664.3,23964.2,22619.8,21799.2,21243.4,20257.4
19192.6,18408.7,17781.3,17352.4,17080.7,16870.4,16365.2,17540.8,19579.4,22197.6,23495.4,23781.6,23094.8,21964.8,23256.9,25155.6,25016.6,24123.4,23418.9,23963.8,22635.7,21573.9,21223.7,20207.4
19085.8,18341.5,17648.2,17197.1,16870.1,16869.6,16866.1,16308,18925.1,20691.2,21737.9,23026.8,23394.3,22328.8,23534.5,25478.7,24620,23096.5,23632.4,24125.2,23064.9,21960.5,21378.2,20346.2
19357.1,18526.4,17833.7,17223.6,16885.9,16796.1,16883.7,17431.6,19908.6,22925,23788.3,24125.9,23293.4,22314.4,23347.6,25227.9,25148.4,24180.1,23532.1,24020.9,22794.2,21927.6,21306.9,20315.8
19340.3,18463.8,17804.6,17331,17054.8,17050.1,17179,15362.9,17433.3,20517.2,21622.5,21934.4,21493.8,22583.5,23820.6,25723.9,25555.2,24632.7,24026.2,24326.4,23019.1,21953.1,21366,20591.5
19676.1,18972.9,18318.9,17676,17248,16944.3,17093.9,17435.2,19217.6,22188.9,23440.8,23721.8,23191.4,21427.8,21846,23692.1,23719.6,23008.4,23199.2,23686.4,21756.1,20675.8,20364.3,19573.3
18952,18232.9,17626.3,17042.1,16795.4,16592,16473.5,16346.4,17583.2,19318,20664.3,20838.2,20638.1,19517.3,19907.3,20009.1,19964,20969.7,21537.9,22543.3,21801.4,21306.8,21059.1,20113.1
19173.2,18393.9,17729.4,17370,17163.6,17092.7,17126.7,17801,20284.1,23042.1,24086.2,24650.2,23591.4,22404.2,23506.7,25631.2,25479.8,24600.8,23968.8,24124.9,22944.5,22026.2,21573,20546.9
19456.3,18485.4,17844.1,17271.1,16973.4,16915.4,17041.2,17665.8,20085.9,22917.9,24012.4,24391.3,23497,22563.6,23623.7,25471.2,24776.3,24079.8,23789.1,24289.9,23073.4,22185.6,21864.3,20802.3
19745.3,18899.3,18339.7,17848.7,17509.1,17441.4,17420.4,18001.4,20179.8,22882.8,23964.7,24515.6,23776.6,22735,23635.4,25714,25813.5,24964.4,24304.8,24933.4,23742.9,22747.2,22174.8,21075.8
19864.4,19017.1,18438.4,17824.6,17411.3,17290,17301.3,18039.1,20666.3,23754.7,24705.1,24962.7,24144.6,23202,24149.7,25941.7,25963.8,25309.2,24663.5,24891.4,23719.8,22717,21662.9,20580.4
19683.6,18687.5,18101.9,17533.1,17147.9,17050,17092,17585.5,20144.6,23279.5,24399,24726.2,23910.3,23138.5,24076,26126.9,25946.6,25016.4,24363.1,24812.4,23554.8,22351.3,21895,21072.1
20111.6,19313.5,18520,17960.5,17382.7,17229.3,17132.1,17653.7,19655.4,22692.6,23907.6,24151.4,23694.2,22253,22731.5,24630.1,24640.7,23696,23924,24527.5,23254.7,22234.8,21895.8,21108.7
20426.2,19678.4,18898.4,18005.9,17014.8,17684.5,17467.8,17609.2,18932.4,20819.8,22106.6,22314.3,22116.1,20923.1,21093.1,21117.3,21016.6,21755.5,22447.8,23606.8,22980.5,22678.2,22410,21585.9
20656.4,19832.8,19081.3,18520.7,18109.8,17968.3,17820.7,17690.3,21136.5,24522.6,25791.7,26354.2,25491.7,24329.8,25271,27191.3,26974.2,26048.6,25206.8,25563.7,24193.1,23245,22679.8,21624.3
20503,19640.8,19000.9,18429.4,18089.7,17904.8,17874,16401.4,19202.7,21357.3,23076,24762.8,23868.5,22526.9,24172.8,25645.5,24991.1,24239.1,23820.3,24192.4,23180.9,21996.5,21356.5,20428.7
19424.3,18623.9,17961.5,17266.7,16813.1,16781,16890.9,17642.1,19577.9,21796.4,22167.3,22502.9,21523.5,20266.3,21188.9,22990.7,23137.8,22879.5,22662.3,23173.5,22032.6,21131.2,20613.2,19713.6
18787.8,18140.5,17622.7,17176.2,16945.3,17045,17212.7,18043.3,18712.9,22695.2,24392.9,24765.4,23793.4,22342.3,23332.7,25513.9,25279.8,24512.7,24024.6,24528.8,23157,22132.2,21102.4,20065.3
19071.2,18228,17578.9,17138.4,16830.1,16865.5,16919.7,17498.9,19655.1,22874.9,24190.8,24233.2,23497.1,22464.3,23312.1,25416.6,25232.9,24701,24082.4,24499.6,23132.6,22063.6,21509.4,20751.6
19949.5,19193.2,18676.8,17974.3,17721.7,17626,17633,18032.2,19643.9,22538.9,22345.2,22858.7,22846.7,21609.6,22111.9,24074.2,24343.7,23680.9,23633.4,24060.3,22700,21670.8,21421.8,20813.2
18610.4,18570.6,17953.6,18090.7,17570.5,17293.3,16979,17008,18416.7,20067.3,21251.3,21337.2,21201.8,19912.8,19969.9,20084.8,20104.6,21149.6,21815.1,22755.9,22086.5,21620,21243.7,20511.9
19715.5,18971,18300.8,17732.3,14855.3,17187.9,17122.6,17847.7,20013.6,23041.8,24415.1,24380.9,23281.6,21996.8,22934.3,25222.4,24687.4,24271.5,23380.9,23900,22474,21690.1,21159.3,20269.3
19185.4,17186.5,16756.2,16994.8,16810.2,16611.1,16548.6,17624.7,18387.9,21413.9,23308.6,24297.5,23418.5,22217.9,23068.9,25194.5,25293.3,24368.6,23650.6,24165.7,22901.4,21860,21461.4,20588.7
19466.6,18621.4,17831.3,17498.5,17176.3,17172.6,17254.1,18090.3,20340.5,23153,23966.8,22352.8,22755.9,20969.8,16013.1,22349.5,22425.7,21465.3,21376.5,23732.1,22591,21634.8,20974,19807.9
18683.9,18022.6,17332,16967.7,16695.1,16722.4,16895.7,17320.6,19694.4,22380.4,23494,23750.1,22483.4,20963.4,23086.3,25338.1,25042,24351.9,23493.9,24109.4,22800.6,21738.8,21049.9,20084.9
19084,18359.9,17698,17137.4,16897.6,17022.2,17046.7,17859.1,20279.7,23027.5,22687.8,24184.3,23869.8,22880.1,23933.6,25991.6,25864.5,24933.6,24144.9,24596.6,23260.6,22282,21849.5,21027.4
20168.2,19444.4,18817.6,18350.6,18015.5,17783.3,17620.6,17935,19697.5,22503.2,23716.7,23678.4,23042.7,21605.5,21963.7,23839.4,23646.2,22987.8,23208,23706.1,22625.8,21599.8,21133.3,20499.4
19786.8,19162.1,18686.1,18176.6,17839.1,17528.2,17140.4,17124.7,18065.8,19817.8,20223.6,20557.3,20510.4,19378.3,19391.2,8987.9,18860,20126.7,20890.2,22060.7,21444.3,20926.7,20523.9,19114.2
18060,17545.7,17630.8,17166.2,16870.3,16970.6,16996.6,17615,20110.3,22909.2,24411.3,24906.8,23821.9,22912.3,23991.2,25846,25826.6,24961.6,24235.8,24659.3,23369.7,22461.8,21892,20828.1
19789.8,18920.6,18286.2,17846.8,17376.9,17257.7,17132.3,17771,20361.2,23249.6,24231.8,24246.3,23216.1,22489.7,23567.1,25553.8,25634.2,24678.7,24017.9,24146.8,22962.1,22075,21619.6,20585.2
19533.2,18638.2,17970.6,17471.9,17140.6,17147.3,16746.2,17102.5,18916.1,21721.2,22857.2,23633.9,23003,22038,22979.6,25169.5,25338.1,24747.4,23690.7,23449.4,21578,21727.9,21147.9,20067.7
19156.5,18371.8,17813.9,17292.2,16941.1,16877.8,16821.1,17798.2,20224.9,23174.3,24208.9,24509,23869.2,22803.3,23841.5,25779.2,25759.3,24810.2,23975.7,24295.5,22814.9,21987.8,21465.2,20429.3
19454.8,18693.9,17951,17414.4,17073.6,17045.5,17006.1,17823.6,20433.2,23686.3,24867.4,25040.3,24156.6,23178.8,24216.9,26078.8,25787.5,24981.3,24208.5,24451,22924.1,21848,21470.1,20647.8
19870.5,19143.9,18448.5,17636.2,11466.7,14771.1,15572.3,16590.4,19167.3,22532.3,23808.7,24109.1,23495.4,21875.1,22281.3,24156.1,24138.1,23340.3,23351.3,23938.9,22686.3,21569.2,21059.6,20382.2
19668.9,19056.4,18467.7,17816.2,17419.6,17272.2,16981.3,17291,18574.7,20482.7,21848.4,21887,21708.2,20365.4,20509,20563,20679.3,21838.3,22469.4,23508.1,22700,22055.9,21452.6,20701.8
19851,19276.8,18626,18105.1,17890.4,17883.9,17655.5,18403.2,21135,24013.7,25097.2,25406.2,24499.1,23465.4,24603.4,26645,26468.8,25501,24413.7,24787.5,23681.6,22822.3,22138,20933.3
19858.5,19044.2,18296.4,17641.4,17213,17136.5,17150.8,18041,20583.4,23163.1,24303.4,24920.9,23771.9,22842.7,23958.6,25892.7,25970.3,25031,24167.2,24645.8,23504.2,22601.1,21845.9,20707.4
19710,18951,18221.2,17657.4,17321.8,17223.4,17056.9,17959.9,19137.6,21552.5,22459.7,24374.6,23428.1,22417.2,23773,25692,25491,24712.2,23942.5,24263.2,23073.3,22290.4,21522.2,20377.9
19125.9,18324.1,17701.7,17218.8,16805.1,16735.4,16614.1,17526.3,20184.5,23210.6,24444.6,24690.4,23581,22806.1,23968.1,25866.9,25686.2,24786.8,23848.6,24525.7,23553,22681.7,21971.4,20866.4
19983.4,19259.9,18749.2,18322.2,18001.8,17928.1,17844,18825.7,21169.6,23801.9,25162.2,25308.8,24448.1,23648.1,24594.3,26689.5,26607.1,25681.4,24918.8,25200.8,23911.5,22727.8,22225.1,21405.9
20588.3,19863,19250.8,18682.6,18368.6,18115,18052.2,18490.5,20298.2,23425.7,24287.6,24275.6,23422.4,21639.6,22305.4,24445.5,24650.8,23975.7,23778.3,24436.1,22727.9,21308.2,21269,20612.9
19908.1,19240.9,18650.8,17991,17546,17351.9,16980.7,17337,18649.9,20268.1,21375.2,21572.7,21341.9,20010.4,20018.3,20290.6,20391.7,21280.4,21756.7,22581.1,21801.7,21415.4,21043.6,20258.3
19456.1,18777.5,18250.6,17805.4,17481.6,17497.7,17339.1,18302,20925.9,23923.4,25136.2,25568.2,24673.2,23513.1,24328.7,25924.5,25902.1,24933.6,24000.1,24420,23065.5,22273.5,21789.8,20788.1
19735.1,18876.4,18255.1,17799.7,17484.7,17266.4,17120.1,18122.3,20722.4,23865.7,24958.3,25479.9,24096.2,23343.1,24613.2,26442,26294.9,25455.8,24627.3,24521.8,23324.5,22653.9,22098.7,21047.4
19563.7,18879,18684,18162.2,17830.7,17657.4,17616.7,18688,21258.8,24067.3,24579,24988.5,24093.7,23149.8,24841.3,26382.5,26077,25420.7,24821.5,25060.4,24008.6,23141.5,22194.7,20628.8
20106.4,19336.2,18578.6,18076.4,17579.1,17509.1,17339.8,18544.7,21006.8,23723.6,24858.2,25456.6,24568,23609.5,24728.7,26518.9,26589.7,25842.9,24870.6,25395.6,24028.6,22727.8,22170,21031.7
19958,19074.4,18288.3,17676.9,17279.8,17349.8,17392.7,18611.4,21143.7,24162.2,25370,25333,23380.5,21541.5,22319.8,24943.1,25155.8,24284.2,23589.9,23788.1,22502.9,21440.9,20736.4,19885.1
19089.5,18222.1,17532.4,17010.4,16675.6,16480.2,16407.6,17260.1,19610.2,22457.7,23946.3,24185.4,23399.3,22040.1,22585.1,24299.4,24481.8,23958.7,23923.2,24354.5,22847.1,21700.7,21331.4,20830
20178.4,19463.2,18830.1,18246.3,17892.4,17588,17109.3,17690.3,19135.9,21160.4,22574.7,22662,22404.6,21002.4,21101.5,21355,21387.2,22496.2,23043.6,23175.4,22411.4,22184.3,21816.1,21166.1
20549.2,19820.6,19220.8,18520.1,18181.9,17937.3,17403.2,17924.2,19150.1,21246.6,22773.6,23023.2,22749.5,21162.5,21194.6,21203.1,21206.2,22307.3,22783.4,23897.5,23061.2,22388.4,22077,21227
20409.8,19709.3,19021.4,18434.8,17989.7,17877.9,17759.7,18953.7,21684.4,24659.2,25831.2,26138.5,25367.8,24366.5,25456,27274.1,26916.4,26006.2,25150.2,25620,24253,23116.8,22476.9,21431.2
20254,19527.5,18889.5,18364.1,18006.6,17847.6,17594.1,18923.8,21496.4,24533.4,25684,26098.3,25187.6,24280.2,25308.3,27105.3,27158.4,26314.2,25541.1,25965.6,24638.2,23656.9,23056.2,21671.6
20572.4,19726.7,19093.4,18589.7,18192.1,18072.1,18032,19260.1,21673.4,24892.5,26055.3,26547.8,25515.1,24561.1,25759.8,27306.2,26571.2,25892.7,25048.5,25414.3,24215,23060.5,21705.3,21471.2
20346.2,19474.6,18783.4,18367,17926.1,17872.9,16916.8,17605.9,18709.6,21693.5,22702.6,23657.2,22502.6,21396.7,22749.3,24944.2,24839.8,24085.1,23162.7,23562.5,22317.1,21277.1,20940.4,20450.3
19612.2,18799.2,18144.7,17615,17320.1,17204.2,17025.1,17770.3,20037.1,23021,24127.8,23865.4,23694.2,22701,23240.5,24976.5,25011.1,24312.9,24149.4,24982.6,23328.4,21987.7,21570.6,20944.1
20209.9,19379.9,18681.1,18179.8,17807.2,17432.1,16951,17623.2,18930.2,21059.8,22298,22830.1,22853.3,21588.9,21767.6,21742.1,21653.3,22688.1,23006.1,24046.9,23256.1,22690.6,22373.4,21568.4
20716.9,19952.9,19271.5,18657.7,18317,18227.9,17990.6,18651,20412.5,22472.3,23174.8,23818.7,23297.5,22797,22771.2,26004.8,26178.5,25627.5,24777.2,25260.3,24157.5,23248.2,21850.9,20496.4
20325,19533.6,18951.6,18463.8,18125.1,18135.5,18167.3,19222.9,21703.4,24523.5,25316.5,25512.8,24565.4,23787.4,24828.4,26651.7,26709.6,25773.7,24758.3,25061.5,23864.6,22863.9,22566.8,21416.6
20311.5,19441.3,18757.5,18251.7,17874.7,17676.3,17609.3,18883.5,21495.4,24500.3,25655.8,26157.1,25237,23679.5,23436,24475.4,24610.5,24149.8,23556.6,24052,23031.9,22507.8,22092.9,21278.2
20283.3,19482.3,18814.8,18303.5,17953,17822.1,17160.4,18578.5,20929.9,23932.2,24987.6,25514.2,24696.1,23630.5,24767.4,26448.4,26457.6,25147.2,24434.1,24662.4,22777.3,22176.2,21761.4,20580.5
19602.7,18853.3,18145.6,17644.4,17187.6,17062.7,16994.5,18271.1,20764.6,23701.9,24660.1,25188.1,24464.2,23426.2,24527.8,26123.5,26052.6,25082.9,24556.5,24803.7,23356.7,22370.9,21988.9,21068.4
20220.1,19463.7,18824.7,18227.7,17827.3,17603.8,17501.4,18342.1,20089.9,23120,24525.6,24900,24203,22539.6,22930,24547.7,24537,24087.7,24032.2,24478.2,23090.6,22133.7,22015.3,21184.5
20490.4,19812.3,19176.3,18570.3,18096.5,17801.1,17409.7,18052,19232,21010.7,22190.9,22395.3,22049.8,20861.8,20924.4,20901.6,20850.8,21810.6,22254.4,23350.8,22383.3,21979.2,21852.8,21044
20157.9,19417.6,18796.6,18287.2,18015.8,17890.3,17666.8,19020.5,21903.1,24865.5,25827.8,25973.8,25175.6,24032.9,25195.4,27134.9,27131.1,26190.7,25015.3,25279.3,24072.3,23199.5,22752.6,21565.6
20448.8,19608.1,18953.4,18425.7,17972.1,17800,17681.4,16382.3,18667.5,21658,23687.7,24235.2,24772.8,23872.2,24883.5,27020.8,26911.3,26061.1,25096.1,25408.3,24165.1,23288.2,22692.3,21473.4
20375.3,19594.9,18921.9,18373.1,17869.6,17763.8,17466.8,18806.2,21368.1,24260.9,25467.8,25830.8,24811.9,23861,25223.8,27322.8,27204.3,26214.7,25355.9,25785,24534.4,23594.5,22837.3,21657.2
20626.5,19645.6,18857.8,18256.7,17815.7,17648.4,17536.8,18638.1,21532.3,24430.3,25655,25942.3,25057.2,24418.9,25412.5,27094.3,27007.6,26021,25246.8,25769.4,24458.5,23316.2,22758.9,22085.4
20968.2,20167.8,19473.6,18893.9,18510.4,18359.1,18248.5,18292.1,20681.3,24014,25201,25459.6,24875.5,24737,25817.2,27465.2,27289.5,26437.6,25858.8,26188.3,24732.9,23587.4,23236.7,22336.6
21401.5,20581.1,19946.2,19252.2,18896.8,18609.6,18213.1,19062.4,21123.7,24160.7,25204.7,25370.9,24762,23010.7,23504.5,25474.7,25473.8,24630.3,24556,25267.1,24003.5,22896.2,22548.9,21806.7
21172.1,20411.2,19641.8,19093.6,18678.3,18391,17937.9,18677.1,19928.2,22222.1,23530.4,23461.8,23222.5,21483.3,21660.7,19128.5,20343.6,22601.1,23694.3,24615,23530.3,22979.4,22655.8,21864.3
21037.1,20285.7,19597.8,19062.3,18757.8,18609,17737,19087.3,22171.4,25627.4,26756.8,26996.3,26222.3,24945.7,25915.2,27518.1,27519.7,26900.4,26226,26566.6,25326.3,24346.8,23962.2,22543.6
21873.8,21047.7,19784.1,18269.7,19165.2,19024.6,18625,19911.3,22492,25533.5,26585.6,25569.2,25652.1,24481.8,25584.2,27609.8,27470.7,26581.2,25644.6,25983,24873.7,23937.7,23243.1,22151.2
21073.7,20201.3,19336.1,18796.9,18442.5,18115.2,17831.4,19177.2,21695.9,24797,25757.4,26058.7,25350.9,24186.5,25122.5,26843.6,26356.3,24515.5,25023.7,25672.6,24674.8,23732.3,23295.6,22407.8
21461.2,20730.4,19942.4,19254.4,18934.7,18587.2,18149,19027.2,20405.4,22692.2,23842.4,23935.2,23611.9,21710,21802.7,22323.2,22782.2,23310.4,23667.2,24622.8,23671.4,22729.3,22456.4,21987.2
21194.1,20472.2,19809.2,19186.5,18785.4,18520.3,18087.9,18542.4,19644.2,20481.3,20827.2,21161.7,21329.5,20927.1,20936.6,21155.7,21641.5,22246.2,22873.2,23848.5,23327.1,22305.5,22150.1,21535.1
20782,20010,19294.9,18744.4,18380.4,18196.9,17833.2,18777.5,20814.4,24194.2,25292.8,25655.1,24931.8,23112.4,23653.5,25539.8,25679.2,25113.3,25022.8,25684.8,24607.6,23211.7,22864.1,22208.2
21533.7,20865.7,20241.5,19678.9,19288,19016.6,18458.6,19130.1,20560.2,22348.3,23457,23492.4,23316.7,21479.1,21630.6,21592.8,21521,22870.1,23490.1,24590,23474.9,22929.6,22709.9,22058
21063.3,20303.9,19626.5,19142.3,18785.8,18664.8,18265.7,19615.2,22357.2,25508.6,26507.7,26678,25623.7,24267.1,25252.1,27116.8,26871.3,26115,25160.6,25577.9,24201.2,23338.6,22861,21720.2
20620.4,19904.5,19162.1,18682.9,18349,18052.2,17649.6,19001,21621.6,24686.5,25880.2,26305.7,25252.5,24229.9,25020.3,26920.4,26747,25752.3,25005.7,25475.6,24269.7,23182.2,22696.5,21708.1
20604.8,19708.6,18981.7,18415,17947.6,17800.5,17353.3,18700.7,21014.9,24002.5,25234.6,25974.6,25049.8,23980.1,25045.4,26918.2,26779,26133.3,25021.1,25413.4,24040.3,23084.3,22706.1,21555.6
20407.9,19624.9,19012.9,18437.5,18046.1,17866.5,17642.7,18954,21412.1,24418.6,25490.3,26062.9,25195.9,24114.1,24953.1,26881.1,26708.8,25836.9,24876.7,25536.2,24179.5,23378.4,22937.1,21848.4
20827.2,20023.6,19396,18821.9,18160.6,17713.8,17448.2,18864,21659.1,25107.6,26322.7,26464.1,25601.6,24532.4,25509.8,27416.7,23910.6,25955.1,25770.5,26339.1,25006.7,23935.4,23641.6,22759.6
21702.5,20853,20200.5,19623.9,19217.4,18881.6,18526.5,19741,21586.9,25000.3,26223.7,26391,25532.6,24087.7,24594.3,26457.6,26457.2,25815.1,25601,26172.8,24811.2,23791,23637.1,23037.5
22201.4,21556,20893,20271,19849.8,19536.1,19131.2,19919,20938.9,22757.2,24160.5,24357.7,24089.3,22514.1,22426.3,22228.6,22065.3,23408,23844.5,24887.2,23987.5,23542,23302.9,22474.7
21564.4,20830.1,20187.3,19731.2,19415.1,19342,18966.6,18826.7,20802.1,25781.1,26875.5,27363.2,26286.2,25090.3,25051.6,26129.4,25128.3,27341.6,26215.9,26596.6,25332.5,24686,24130.4,23048.9
21988.5,20929.5,20295.6,19928.9,19589.5,19515.3,19089.9,19872,22482.6,25447.5,26730.4,27275.1,26445.8,25387,26196.8,27898.9,27877.8,26972.7,25900.7,26382.3,24929.2,23877.7,23591.1,21820.3
21797.1,21014,20342.6,19824.8,19476.7,19181.5,18739.2,19075.8,19818.4,19982,18703.6,19665.1,21609.9,21453.5,21532.8,21554.6,21340.7,21250.9,21683.8,23191.4,23283.8,23418.7,23203.6,22341.3
21516.6,20840.8,19179.8,18229.6,18001.4,17748.9,18688.5,19699.5,22572.5,22555.2,23722.2,24412.2,26045,25148.6,26012.4,27448.8,27398.4,26770.5,25961.8,26553.2,24273.8,23520.2,23835.9,22611.2
20200.4,19391.2,19726.3,19254.6,18958.5,19043.6,18574.5,19491.7,21715.3,24256.4,25278.5,26359.7,26079.6,24544.7,25014,26612.9,26697.4,26215.2,25765.4,26160.5,24598.7,23734.4,23572.9,22750.7
21800.3,21050.2,20365.7,19797.3,19483.6,19427.3,19021.6,19690.9,21639.2,24542.2,25420.1,25799.1,25065.9,23036.2,23406,25264.2,25322.9,24879.6,25302.2,25698,24232.9,22196,20871.1,22128.6
21596.6,20979,20220,19536.7,19034.8,19054.4,18601.5,19194.6,19954.7,21605.9,21381.1,23224.4,23158.5,21722.1,22065.6,22202.9,22331.1,23317.7,23573.8,24504.3,23618.9,23238.3,23018,22280.1
21570.5,20825.9,20093.5,19582.5,19157.7,19050.6,18302.3,19379,22106.9,25113.5,26527.4,26984.9,26068.2,24948.6,26294.2,28206,28064.4,27281.4,26195.3,26555.7,25365.4,24553.5,24141.7,23096
22083.1,21299.4,20663.2,20224.4,19694.8,19484.6,19017.5,18488.6,22799.8,25357,26607.6,27005,26107.1,25217.8,25909.1,27659.3,27549.8,26756.9,25848.1,26307.9,24948.2,24144.3,23673,22678.1
20960.9,19187.9,18688.8,18873.7,18641.6,17331.7,17699.6,18693.3,21347.2,25188.6,26540,26492.8,25774.7,24711,25547.3,27325.5,27278.8,26410.7,25714,26380.8,24935.4,23985.2,23721.8,22639.9
21526.4,20789.3,20156.1,19606.4,19244.5,19007.1,18682.6,19739.5,21808.2,24680.2,25958,26409,25660,24021.9,26051,27612.2,27167.5,26410.5,25887,26542,25206.6,24342.6,23904.8,22909.8
21875.9,20984.8,20292.4,19695,19250,19068.4,18649.3,19230.6,21947.9,25084,26220.4,26756,26093.1,25364.3,26621.1,28443.9,28137.3,27523.2,26595.2,27002.6,25235.4,24112.2,24612.6,23799.8
22957,22036.4,21233.8,20573.5,20228.5,19457.7,19135.7,20158.3,21920.5,25527.2,26964.7,26787.7,25573.3,24142.6,24535.3,26244,25972.3,25513,25882.7,26395.3,24841,23631.3,23685.3,23212.9
22640.9,21910.9,21243,20637.5,20329.4,19999.7,19527.2,20302.8,21285.4,23100.5,24413.8,24249.7,24216.5,22448.8,22473.7,22662,22258.6,23853.3,24163.7,25117.7,24280.6,23895.6,23880.3,22129.2
19886.3,20695.2,20154.7,19576.7,19295,19139.3,18904.8,20075.9,22965.7,26067.4,27270.2,28025.3,27024.2,25927.9,26525.9,28493.6,28481.2,27715.5,26817.9,27396,26140,25101,24658.1,23466.4
22303.5,21615.9,20899,20244.4,19640.5,19298.3,19056.1,20525.9,23265.4,26093.7,27583.6,28155,27314.7,26231.3,27054.9,28853.3,28813.8,27874.9,27190.7,27919.3,26745.7,25753.7,25178.8,23968.1
22847.8,21892.3,21245.7,20650,20208.7,19809.7,19554.5,20911.7,23467.6,26539.9,28007.2,28378.8,27503.9,26433.5,27122.1,28945.4,28856.3,28118.7,27313.2,28000.8,26715.7,24301,25257.6,24250.2
23047.5,22085.1,21362.4,20768.9,20384.9,20059.1,19667.3,20626.8,23485.6,26531.1,27117.1,26963.7,26906.6,25859.5,26490,28702.3,28788.7,28004.3,27026.5,27644.2,26481.4,25548.1,25330.7,24354.6
23031.7,22124.6,21413.7,20756.1,20296.8,19774.4,19666.6,20731.3,23325.7,26345.6,27497.9,28008.3,27234.8,26183,27249.6,28985.4,28726.8,27938.7,27187.8,27688.8,26321.5,25179.1,25105.1,24254.2
23285.9,22540.7,21864.5,21342.8,20889.6,20358.7,19929.6,20751.1,22401.6,25572.3,26162.6,26145.9,25397.3,23330.6,23542.2,25314.7,25527,25187.7,25484.6,26287.5,25083.8,23963.7,23778.8,23314.7
22597.1,22028.2,21391.4,20819.2,20561.1,20263.5,19675.3,20193.9,21302.7,23008.7,24346.5,24449.6,24173.4,22640.6,22622.1,22790.9,22822.9,23100.5,24466.8,25563.8,24653.8,23813.1,22720.9,21611.5
20588.4,19688.7,18972.5,18547.1,18197.5,18048.4,17589.4,18634.8,21390.2,24623.1,25729.5,24304,23242.2,21735.2,21974.2,23573.4,24665.6,23815.9,22744.1,22822,21666,20323.2,19627.9,19702.8
18863.6,18300.5,17085.7,16292.7,16897.6,16997.6,16893.2,17596.6,19904,19409.8,21684.1,23135.6,21939.8,20477.5,21137.8,22976.3,23637,23428.9,23166.1,23986.2,22939.4,22092.7,21648.9,20735
19789.9,19130,18592.7,18233,17519.7,17728,17841.1,18313.1,19606.7,21468.4,22277.6,22087.4,20800.6,19378.5,20249.2,22229.7,22581.7,22207.7,21976.5,22511.9,21537.4,20695.2,20249.5,19311.2
18480.4,17702.5,17096.8,16863.1,16712.9,16787.9,16822.4,18364.1,20928.1,23996.3,24623,24898.8,23683.1,22268.4,23046.7,24642.8,24788.2,24359.7,24129.8,24544.2,23484,22652.4,21837.3,20611.3
19354.2,18092,17643.4,17159.8,16904.5,16771.2,16755.5,17707.7,19599.2,22225.7,22835.1,22709.5,21632.1,18756,18450.6,20081.3,22148.4,22002.9,22093,22736.3,21761.1,20798,20439,19714.9
18768.6,18226.6,17675.6,17063.2,16943.6,16902.9,16811.3,17291.1,18365.9,21195.2,22741.5,22790,21693.1,19891.6,20071.3,21428.2,21775.9,21656.3,22031.7,22915.8,21646.1,20736.4,20517.3,19581.6
18006.5,17270.4,16346.5,16337,16208,16099.2,15847.8,16639.4,17569.3,19157.5,20905.2,21215,20670.8,19202.7,19004.9,17770.2,17881.2,19142.9,19862.2,20019.4,19566,19283.1,18747.9,17921.5
17124.2,16566.2,16083.5,15724.4,15683.8,15919.3,15861.2,16830.3,18677.2,20342,20593.2,20601.6,19567.6,18393.8,18997.4,20949.2,21585.1,21276.5,20888.2,21463.3,20614,19722.4,19085.4,18161.8
17225.3,16587.1,16084.6,15897.1,15732.5,15665,15578.2,16801.2,19315.7,22397.1,22939.5,24803.9,23837.5,22944.5,24045.4,26048,26218.7,25399.9,22252.6,24536.6,23930.4,22836.4,22070.9,20818.8
19726.8,18851.5,18114.3,17592.8,17244.8,17106.1,16854.7,18673.1,21376.1,24433.2,25787.2,26194.3,25364.4,24542.3,25577,27412.7,27105.6,26273,25329.4,26117.1,24860,23871.6,23295.1,22070.8
21031.5,20164.8,19560.8,19119.1,18642.9,18353.3,17937,18790.2,20718.6,23773.6,21140.7,23237.6,24143.5,23167.7,23812.9,26228.1,26855.3,26321.4,25538,23859.9,22789.9,23692.6,23483.1,22357.4
21307,20397.4,19703.6,19108.3,18646.7,18347.4,18295.5,18443.1,20344,24963.6,26140.9,26702,25925.8,25021,25951.4,27578,27987.3,27803.8,26865.6,27496.3,26169.9,24923.6,24592.5,23524.8
22528.5,21722.2,21036.3,20441.1,20055.6,19799.7,19503.2,20546.6,22468.6,25533.8,26298.7,26943,26410,24578,25018,26882,26234.1,25729.8,25840.5,26597.3,25418.4,24192.4,23940,23281.4
22534.6,21707.2,21054,20508.9,20186,19856.7,19394.9,20310.9,21639.4,23523.9,24714.1,24782.9,24482.7,23048.7,23358.9,23411.9,23316.2,24628.7,24856.5,25967.7,24932.6,24212.7,24014.3,23415.3
22581.1,21899,21160.9,20567.3,20205.7,19821.6,19226.7,20038.8,21496.3,23667,25147.7,25325.8,25174.6,22687.8,23025.4,23246.2,23429.5,24582.7,24900.1,25993.7,25414.9,25013.9,24816.9,23760.7
22585.1,21882.9,21157.1,20650.6,20374.6,20039.3,19672.8,21345.8,24085.5,27147.6,28070.2,28455.8,27072.1,26376.8,27376.6,28844.9,28601.4,27226.1,26505.5,27464.9,26518.2,25700.2,25486.5,24325.3
23139.5,22184.1,21390.5,20868.3,20489.1,20234.2,19895.7,21334.1,24046,26914.8,28011.1,28274.5,25791.4,26456.3,27353.3,29050,29056.6,28609.6,27695.8,28309.4,27308.9,26357.8,25920.3,24623.3
23379.3,21414.3,19890,19839,20648,20252.7,19868,21240,23908.8,26899.2,27923.8,27807.8,26936.4,25818.8,26953.4,28982.6,28543,27784,27089.1,27852.3,26662.3,24203.6,24447.8,24283.4
23068.5,22029.1,21107.4,20669.4,20249.1,20007.6,19617.9,20810.1,23176.2,26386.7,27526.7,27339.2,26094.4,24977,26184.9,26517,27079.6,26997.6,26335.1,26869.1,25719.7,24609.8,24286.1,23480.3
22508.1,21674.6,21077.1,20548.2,20091,19776.1,19548.3,20592.6,22793.2,26121.3,27320.8,27541.8,26572.1,24798.3,25451.4,27411.2,27140.7,26071.1,25744,27149.2,25237.5,24258.9,24104.1,23336.3
22472.4,21791.1,21009.4,20347.4,19891.5,19762.3,19548.6,20268.5,21454.6,23326.3,24437.5,24584.3,24555,23092.7,23097.6,23151.8,23333.8,24441.4,24810.5,25949.1,25176.4,24840,24737.4,23957.1
22858.4,22041.1,21371.8,20865.9,20543,20244.4,19884.2,21343.7,22916.1,25773.7,27820,28431.5,27550.1,26359.9,27183,29040.3,28863.7,28125.5,27112.6,27794.5,26768.6,25963.2,25657.8,24449.1
23285.2,22377.6,21756.3,21135.3,20721.9,20354.5,20175.6,21216.6,23297.8,26008.5,26732.8,26603.9,25345.6,23924.3,24714.3,26532,26379.7,26087.1,25695,26356.3,25478.6,24678.6,24342.5,23340.6
22182.9,21330,20758.9,20306.9,20022.2,19790.2,19524.9,20397.8,22569.2,25687.1,26075.3,26014.7,24378.7,22375.2,22987.5,24867,25422.1,24998,24053.3,24852.3,23864.7,23142.9,22632.5,21728.2
20779.7,20182.1,19460,19130.7,18865,18714.2,18682.1,20128.4,22377.5,25307,26868.9,27328.4,26223.5,25064.5,25863.5,28048.7,28210.8,27457.8,26231,26991.3,26001.9,25154.9,24825.9,23754.5
22548.4,21731.9,20989.8,20321.5,19899.6,19686.5,19552.9,19638.5,22541.3,26624.8,27709.5,27978.9,27128.7,26090.6,27149.5,28942.3,28876.6,28036.4,27111.3,27764.2,26351.1,25194.1,24780.5,23964.2
22931.9,22144.3,21466.6,20944.3,20482.4,20068.7,19684.2,20543.9,22769.4,25890.5,26875.3,27149,26593.3,24861.6,25374.4,27400.4,27623.1,27235.7,26884.1,27307.2,26187.7,24901.6,24619,24148.7
23350.4,22640.3,22036.9,21469,21018.6,20528.9,20019.7,20805.9,21674.9,23568.3,25044.4,25009.6,24585.8,22771.1,22715.6,23071.6,23341.9,24524.5,24865.2,25842.6,24859.4,24608.6,24656,24147.1
23380.8,22656.1,21989.6,21472.2,21065.2,20522.5,20224.3,21692.1,23916.2,26909.7,28322.7,28738.4,27586.6,26216.9,27231.1,29355.7,29321.3,28585.3,27773.2,28317.4,27221.9,26449.3,26119.8,25143.1
24014.2,23111.5,22380.1,21853,21507.8,21220.2,20940.1,21206.9,22987.5,25336.3,26206.7,26010.7,25494.7,25678.1,27371.2,29616,29562.3,28994.8,27990.4,28784.8,27696.2,26515.4,26379.9,25406.5
24162.3,23234.1,22541.6,22109,21731.3,21519.4,20991.4,22151.3,24669.5,27762.7,27167.7,25465.8,25529.3,25611.8,26791.5,29637.7,29997.9,29338.6,28191.7,28620.6,27353,26408.3,26161,25049.9
24012.4,23272.2,22580.2,22010.7,21647,21487.3,21205.9,22305,24874.8,27960.9,28820,28179.3,27182.9,25732.6,26927,28966.5,28970.4,28335.1,27629.4,28158.5,27058.5,26301.5,25951.3,24928.9
23818.7,23077.1,22102.2,21490.7,21140.5,20830,20795.4,21935.8,24291.9,27384.3,28221.5,28139.9,27588.4,26352.1,27162.9,29240.1,29322.3,28643.1,28062.3,28645.4,27294.6,26146.1,25962.9,25115.6
24223.2,23362,22718.8,22090.3,21376.7,20768,20533.3,21377.4,23246.2,26405.1,26749.7,27384.4,27003.6,25259,25808.8,27801.9,27770.2,27092,26954.5,27773,26593.2,25441.5,25331.7,24879.9
24176.6,23455.9,22642.9,21974.9,21539.3,21118.5,20763.5,21400.1,22566,24362.3,25722.3,25681,25482.2,23842,24216.5,24162.1,22629.7,24206.8,25015.6,26093.6,25113.5,24480.9,24399.9,23910.7
23315.2,22647.1,22107.5,21677.6,21273.6,20833.7,20312.2,20880,21784.3,23783.8,25167.6,25442.6,25040.8,23228.5,23267,23289.8,23426.4,24855.5,25445.9,26618.4,25713.6,24713,22374.8,21666.7
21521.6,22881.1,21739.4,21469.5,21122.3,20836.6,19556.6,21843.6,24688.1,27233.6,28288.8,28649.8,27137.9,25190.2,25590.9,25513.1,24952,24635.3,24243.9,23675.8,23216.6,23379.5,23418.5,22422.4
21562.4,21004.9,20388.5,19958.2,19624.2,19420.5,9520.6,19387.9,22272,24964,25965.1,26083.7,24804.6,23493.3,24272.6,26149.7,26499.5,25999,25589.9,26395.2,25269.7,24349.8,24108.9,22997.7
21967.6,21218.7,20455.5,19943.6,19558.4,19544.6,19331.6,20558.6,23049.2,25927.3,26998.1,27069.1,25917.1,24594.1,25317.1,27207.4,27583.7,27087.4,26440.3,26829.6,25583.2,24536.1,24390.4,23591.5
22388.2,21627.4,20954.1,20336.3,20041.4,19718.5,19580.7,20674,23401.4,26437.7,27538,27648.1,26795.2,25444.1,26282.3,28231.8,28169.1,27458.8,26586.8,26732.1,25084,24267.6,24275.5,23475.9
22318.1,21734,21126.8,20661.5,20288.1,19950.1,19669.5,20420.6,22238.7,25540.4,26715.3,26043.2,24973.1,24259.2,24754.4,26786.1,26683.3,26130.8,26377.9,26866.1,25708.7,24605.1,24582.9,23976.9
23162.8,22383.6,21652.1,21308.1,21040.8,20679.9,20296,21111.7,22338.8,23993,25159.7,25044.4,24617.4,22394.5,22500.3,22646.5,22622.1,23904.5,24367,25521.8,24607.8,23948.9,23892.7,23393.4
22798.1,22105.5,21492.4,20983.4,20689.9,20410.2,19996.3,20432.7,21330,23513.9,24659.4,24772.5,24554,22665.7,22701.6,22821.2,22790.7,24138,24482.2,25732.5,24837,24553.5,24415.7,23111.8
21157.7,21660.6,21440.5,20889.6,20524.5,19879.1,19703.2,20777.9,23608.5,26232.3,25977.9,26872,26256.5,25101,25880.2,28005.5,27944.1,27392.1,26593.1,26877.2,25759,24686.1,24458.9,23466.6
22417.6,21522.2,20840.1,20196.4,19823.5,19513,19188.6,20427.2,22821.3,26025.4,27129.5,27596.4,26670.9,25373.7,26117,28059.4,28211.8,27582.1,26621.7,27080.5,26075.7,25157.6,24754.4,23725.6
22573.1,21714.3,21069.9,20411.9,19916.5,19544.5,19172.8,20359.9,23006,26247.1,27275.2,27490.9,26458.4,25294.5,26178.2,27785.2,27847.7,27084.8,26130.2,26606.9,25547,24679.4,24354.8,23494.8
22445,21474.7,20433.3,19559.6,19323.4,19125.6,18908.1,19617.7,22002.6,25219.3,26260.4,26589.2,26323.2,25197.3,26084.6,27556.8,27489.7,26986.9,26161.4,26555.9,25526.8,24307.4,24315.4,23552.9
22762.2,22059.3,21462.1,20989.2,20636.2,20238.3,19748.4,20921.2,22849.2,25692.8,26936.6,27147.9,26629.8,24901.9,25462.8,27186.1,26924.2,6372.9,19519.6,26890.2,26224.6,24957.3,24853.4,24149.1
23420.4,22719.3,21962.2,21520.6,21231.1,20858.1,20196.7,20653.7,20922.9,22837.3,24512.3,24656.9,24272.2,22593,22681.2,22882.5,22831.3,24094.3,24411.6,25334.6,24485.5,24126.6,24175.2,23539.5
22025.2,21204,20959.4,20576.8,20202.7,20020.4,19809.2,21196.1,23755.8,25892.3,27835.2,28185.2,26918.2,24214.5,26328,28545.9,28512.9,27750.3,26136.6,26178.9,26150,25325.4,25132.8,23990.3
22751.3,21963,21160.2,20605.1,20159.8,19766.6,19398.9,20971.3,23261.2,25795.8,27478.6,28076.1,26995.1,26126.2,26989.5,29118.4,29160,28675.9,27440.1,27876.2,25543.7,25392.3,25147.6,23687.9
22825.1,22037.1,21339.6,20610.2,20101.1,19591.2,19406.7,20682,22983.6,25866.4,26831.4,26771.5,26129.1,25208.4,26005.7,27598.2,27373.9,26739.9,26060.3,26715.6,24697.7,23155,24403.9,23712.5
22542.7,21644.1,20697.4,20299.2,19900.3,19661.1,19309.4,20314.3,23138.9,26247.1,26686.3,26464,25138.3,23732.5,24673.1,26981.9,27294.9,26908.5,25926.7,26493.9,25184.1,24353.6,23992.8,22997.4
21985.7,21201.1,20694.5,20178.3,19820.1,19586.2,19247.7,20603,23177.6,25986,27077.4,27316,26319.1,25389.5,26364.6,28046,27743.1,27105.9,26284.1,26572.4,25376.6,24212.4,24023.4,23365.6
22489.6,21673.4,21046.7,20485.2,20165.8,19920.1,19434.8,20440.6,22356.3,25364.2,26443.9,26551.4,25841,24110.1,24420.6,26631.7,26693,25845.8,25648.9,26132.3,24957.9,23861.8,23606.2,23082.5
21144.3,21869.7,21312.3,20718.4,20251,19761.7,19333.5,20286.3,21371.5,23320.3,24460.6,24505,23951.6,21969.8,21973.7,21592.8,21538.6,22908.7,23561.2,24788.6,24284.6,24066.8,23968.7,23282.4
22271,21589.1,20982.3,20102.8,19336.8,19498.2,19089.9,20729.9,22430.4,24258.5,25442.8,25930.4,24823.2,23880.6,25337.6,27477,27769,26904.5,25672,26295.5,25084.6,24142.8,23812.5,22858.8
21832.7,21046.8,13803,16088.5,17837.8,18701.3,18396.9,19860.3,22713.3,23959.2,25414.3,25905.2,25148.1,24718.9,25921.3,27351.9,27054.9,26141.2,25203.3,25710.1,25184.7,24782.1,24716.2,23734.9
22546.7,21652.5,20968.3,20439,19883.8,19760.4,19393.7,20714,23556.7,25384.9,26000.3,26487.4,26782.3,26078.6,26873.8,29006.9,28873.5,27987.9,26951,27327,26200.3,25300.9,24970.2,23893.3
22931.2,22115.6,21401.2,20850.8,20487.2,20252.9,19861.9,20134.3,22232.7,25138.7,26386.1,26443.4,25279.6,25071.7,26287.9,28801.3,28830.6,28109.2,26854.4,27424.9,26037.8,25043.4,24249,23640.1
22687.3,21896.7,21268.7,20800,20450.7,20286.7,19885.8,21220.4,23519.2,26255.5,26468.6,27514.1,26263.7,25155.2,26292.9,28215.4,27799.4,27310.3,26533.5,27258.8,26428.4,25311.2,24979,24300.4
23407.4,22639,21995.1,21514.2,21194.7,20844.1,20468.8,21051.3,21724.8,22193.5,22061.7,22052.1,21835.9,22032.1,22737,23626.2,24241.6,24261.6,24670.5,25602.9,25123.4,24677.1,24506.2,23884.7
23164.3,22648.3,22060,21248.9,20786.6,20781.6,20162.9,20698.8,21860.3,23709,25073.2,25224.9,24991,21763.6,22466.4,23355.5,23577.6,25124,25558.2,26656.5,25638,25170.7,24981.7,24141.2
23172.5,22340.6,21570.6,21106,20614.1,20337.6,20012.8,21337.5,24217,27226.9,28056.3,28415.8,26478,26512,27043.7,28770.1,28749,28367.8,27122.6,27789.8,26605.4,25810.6,25497.8,24396.4
23058.3,22197.6,21511.1,20824.9,20326.1,19844.7,19189.1,20670.9,23399.2,26456.1,27543.1,27760.7,26654.8,25798.7,26793.6,28440.1,28485.3,27959.5,26744.4,27284,26296.2,25603.8,25396.2,24260.8
22907,21880.3,20851.5,20105.3,19836.7,19867.3,19698.9,20860.4,23304.1,26122.6,27158.5,27554,26358.4,25375.5,26435.9,28603.8,28328.4,27715.2,26934.7,27647.5,26414.1,25609.4,25334.6,24242.3
23084.4,22108.3,21463.2,20978.3,20559.1,20374.2,20207.2,21385.9,23710.8,26785.9,28086.7,28375,27296.6,26419.4,27234.7,29137.8,29011,28424,27282.3,27856.4,26593.9,25673.9,25602,24603.8
23342.5,22420.9,21586.2,20936.3,20500.8,20305.2,19853,20222.4,16957.8,22704.4,25500.3,26865.6,26915.7,25970.4,27089.2,29005.2,28035.7,27027.9,26662.6,27183.1,25866.9,24671.4,24655.5,23730.3
22779.7,21994,21378.3,21016.7,20631.4,20377.1,20003.7,20244.1,21157.2,24095.4,25679.4,26316.5,25842.4,24313.6,24622.6,26352,26279.4,25747.2,25919.2,25485.7,24321.7,23891.4,23920.9,23392.5
22561.7,21891.6,21286.5,20872.6,20543.2,20336,19938.1,20117,21153.7,22662.8,23472.6,23708,23635.2,22977.8,23019.5,23052.8,22874.9,24026,24317,25406.7,24577.7,24299.5,24225.3,23338
22450.6,21621.1,20835.9,20339,19842.1,19631.8,19203.6,20684.6,23615.3,26956.8,27956.6,28304.8,27208,26065.5,26989.7,28652.9,28588.9,27975.6,26701.1,26842.6,24838.1,24132.1,24038.1,22981.6
21806.1,20880.3,20237.4,19692.4,19213.1,19034.9,18835.3,20322,23173.5,25777.9,27266.1,27453.2,26435.4,25678.4,26681.8,28507.4,28462.4,27845.4,26712,26988.5,25886.1,25011.4,24809,23704
22490.4,21581.2,20817.9,20192.8,19678.8,19461.9,19060.6,20529.3,23363.8,26048.1,27174.8,27799.1,26823.3,24235.8,27082,29010.8,28837.5,28141.8,27269.2,27761.6,26626.9,25733,25461,24214.4
23072.2,22090.9,21338.9,20634.1,20170.6,19743.2,19317.6,20868.2,23476.6,26844.1,27984.7,28157.1,27479.8,26326,27205.7,28864.1,28695.5,27871,27189.4,27985.7,26791.8,26268.4,26135,24601.5
23669.5,22880.9,22061.6,21408.9,20291,20149.1,20141.2,21581.4,24378.2,27213.9,28282.4,28428.7,27299.9,25885.8,27562.5,29502.1,29466.1,28624.1,27608.3,28207.8,27139.2,26063.8,24454.2,22502
23186,22773.7,22371.9,21716.8,21267.9,20993.1,20448.7,21365.3,23354.8,26164.2,27357.2,27480.1,26813,25072.5,25513.1,27379.9,27664.3,27014.5,26717,27398.7,26269.9,24908.5,24883.6,24325.5
23513.4,22929.1,22207.3,21609.4,21094.7,20746.8,20339.3,21012.4,22297.3,23981.5,25209.6,25132.5,24720.1,23238.5,23388.8,23507.7,23631.2,24972.5,25536.7,26735.3,26103.2,25835.3,25831.5,24997.5
23978.1,22986.3,22275.9,21787.3,21291.5,21018.6,20480.5,21870.5,24763.1,27915.6,28790.8,28748.3,27750.9,24698.7,26669.4,29275.1,29530.9,28618.4,27584.8,28312.6,27294.2,26656.1,25872.3,24494.3
23263.8,22305.7,21518.6,20915.1,20560.3,20370.9,19803.1,21124.9,23759,26440.4,27675.8,28229.6,27914.5,26892.1,27585,28365.7,28986.9,29048.3,28033.6,28051.8,27064.1,26040.5,25865.2,24947
23857.8,23079.9,22354.1,21746.7,20901.4,20590.2,20250.7,20665,21564.7,23326.2,24116.4,24225,24395.7,22897.9,23084.3,23130.4,23325.3,24161.6,24647.6,25758.7,24953.6,24436.7,24203.5,23429.1
22386,21662.7,20979.1,20434.1,20059.6,19801.2,19586.9,20924.6,23760.4,27087,28051.4,28341.9,27459.7,26689.1,27441.7,29142.2,29443.4,28639.8,27677.4,28319.8,27288.8,26541.3,26178.7,25141.1
23839.8,23002.5,22387.2,21872.5,21351.7,21101.3,20766.9,20713.5,22654.2,25763.7,26772,27314.7,27465.5,26649.2,27736.6,29460.6,29482.3,28843.3,28197.9,28706.4,27573.7,26708.7,26571.7,25669.1
24501.4,23812.7,23065.4,22410.5,22024.6,21640.8,21102.7,21789.6,23577.6,25879.9,26852.3,27737,27041.1,25336.9,25751.5,27628.8,27767,27228.6,27161.6,28027.7,27036,25971.6,25987.6,25516
24647.4,23767.4,23062,22372.8,21895.9,21551.3,20999.8,21604.8,22702.7,22681.1,24582.6,25304.4,25211.1,23565.5,23733.9,23603.5,23677.2,24787,25455.8,26623.8,25814.8,25449.2,25271.2,24503.1
23403.6,22581.5,21778.5,21257.3,20782.1,20654.3,20120.6,20501.9,23455.5,26461,27507.1,27642.6,27672.8,27037.7,27897.8,29661.8,29445.7,28883.7,27805.5,28302.5,27361.1,26780.5,26337.6,25091.8
23944.4,23051,22288,21758.2,21317,21045,20524.7,21882.8,24543,27572.5,28677.3,28838.1,27848.4,27028.1,28153.5,29877.4,29895.5,29114.7,28159.5,28893.5,27843.8,27255.1,26803,25727
24443.6,23522,22832.4,22162.4,21686,21472.5,20958.2,22249.6,23238.6,26221.4,28625.7,28885.8,27343.4,25899.9,26646.6,28386.7,28248.8,27423.8,27302.7,27489,26453.8,26046.1,25810.5,24405
22817.2,22163.9,21911.1,21494.7,21179.9,20917.7,20753,21751,23301,25705.7,26304.8,23125.6,22409.2,20904.2,21677.3,23625.3,24208.2,23976.5,23823.8,24345.5,23245.1,22290.5,21796.9,20793.1
19921.5,19134.7,18494.8,18054.5,17922.8,17802.7,17979.2,17327.3,19436.9,22369.3,23792,23560.9,24162,24341.5,24741.9,26672.8,26657.8,25718,25171.1,25615.9,24519.3,23361.6,23008,22224.7
21292.9,20582,19614.9,19212.5,18836.8,18616.8,18363.1,19307.2,21414.4,24531.3,25473.4,25855.4,25221,23418.9,24114.6,26053,26107.2,25525.9,25559.9,26063.2,24631.2,23653.8,23312.8,22452.3
22078.4,21630.6,21074,20367.7,19920.4,19561.4,19184.1,19710.3,20553.6,22292.7,22600.2,23057.1,22773.2,21251.9,21695.7,21946.5,21597.7,23025.6,24085.9,24846.6,23807.9,23228,23129.2,22553.5
21761.2,20894.3,20075.9,18994.6,18513,18340.5,18028.8,18132.3,18979.3,20643.7,21519.9,20799.4,21156.8,19593,20054.6,20268.7,20200.3,21628.6,22589.1,23742.8,23078.7,22663.7,22365.5,21693.5
20781,20016.1,19487.7,19067,18705,18654.5,18521,20133.4,23041.9,26232.4,27369.2,27725,26892.8,25908.8,27048.1,28868.6,28993.7,28210.6,27110.6,27676.8,26732.7,25932.4,25536.7,24399.5
23102.6,22139,21399.9,20910.8,20510.5,20205.2,19774.4,21048.3,23951.7,26779.1,27916.5,28453.1,27504.5,26598.4,27533.9,29363.2,29171,28578.1,27904.1,28385.9,27225.5,26534.1,26038.4,24983.1
23684.2,22702.7,21977.5,21268.6,20627.6,20321.3,20025.2,19960.7,21772.3,25003.1,26386.5,28340.1,27512.5,26645.5,27679.1,29664.8,29567.4,28700.6,27597.1,28216.6,27056.2,26082.6,25666.5,24482.8
23211.9,22250.1,21492.4,20914.1,20462.8,20167.4,19943.2,21404,24097.4,27039.2,28132.1,28669.7,27494.7,26777.6,27505,27930.6,28702.4,27954.2,27279.7,27836,26552.5,25600.7,25337.6,24453.7
23344.7,22481.8,21559.9,20971.4,20605.2,20190.7,19759.2,20674.1,22857.7,26171,26740.4,27099.9,26722.7,25367.8,25803.4,27768.7,27850.8,27073.3,27202.6,27804,26498,23548.8,24930.4,24533.4
23846,23151.3,22388.3,21896.2,21530.8,21230.6,20732.4,21409.1,22695.5,24528.7,25517.5,25612.2,25424.7,23526.1,23863.3,24170.7,23974.9,24912.5,25589.8,26800.1,26057.1,25747.6,25533.6,24657.6
23851.3,23019.2,22265,21770.7,21311.9,21027.5,20557.4,21733.6,24475.5,27497.4,28568.5,28857.7,27922.5,26958.5,27870,29912.6,29856.7,29227.8,28225.7,28709.9,27682.2,26869.9,26118.3,25018.6
23969,23083.5,22367.8,21833.3,21338.2,21080.9,20586,21931.4,24398.4,27427,28462,28363,27335.5,26723.1,27366.8,29125,28967.1,28405.6,27696.4,28284.2,27065.1,26102,25605,24490.7
23312.3,22325,21573.1,21036.6,20612.1,20338.8,20099.2,19888.8,22193,24978.4,25802.4,27192.1,27640.4,26689.1,27615.5,29296.8,29200.2,28471.8,27652.7,28211.2,27027.4,26220.2,25823.4,24649.6
23397,22453,21758.6,21148.9,20719.7,20449.2,20177.9,21449.8,24185.5,27109.6,28168.1,28523,27880.4,27095.4,27852,29471.9,29447.7,28346,27311.6,27967.4,26762.8,26072,25685.7,24721.5
23468,22517.4,21644.9,20979.7,20435.2,20234.9,19766.7,20013.5,22908.4,26085.3,26976.8,27379.2,27595.7,26854.5,27772.8,29618.6,29517.5,28597.6,27790.8,28254.6,26946.9,26073.6,25791.8,24888.4
23872.6,23093.9,22226.1,21466.8,21056.7,20764.6,20291,21218.6,23412.6,26569.9,27550.5,27785.6,27137.5,25522,26308.6,28244.7,28284.3,27653.5,27706.2,28019,26890.6,25863.5,25499.8,24982.3
24199.5,23356.7,22742.7,22140.4,21571.1,21185.3,20705.5,21297.3,22446,24093.4,25005.2,24877.1,24590.1,23055.4,23263.3,23419.6,23341.4,24350.8,24898.3,26153.9,25442.2,25248.1,24982.7,24033.1
23103.7,22301.5,21683.6,21152.9,20745.1,20460.9,20062,21460.4,24420.3,27318.7,28375.9,28813.2,27958.1,26983.7,27891.7,29670.5,29679.6,28676.3,27483.2,27991.8,27087.8,26225.8,25888.9,24862.1
23510.5,22594.1,21798.2,21137.8,20631.5,20279.5,19942.8,21320.1,24196,27230.7,28445.7,28903.2,27962.4,26554.8,27873.3,29682.1,29705.4,28738,27875.9,28411.8,27229.4,26471.4,26119.8,25105.1
23943,22964.7,21748.8,21195.3,20785.1,20679,20549.4,21775.5,22284,26139.5,28066.2,28607.6,27789.5,26510.7,27296.2,29154.3,29202.2,28218.9,27676.3,28106.2,27058.4,26521.6,26181.9,25213.5
23949.2,23033.1,22197.7,21611.7,21111.9,20878.5,20502.8,21763.2,24495.1,27617.4,28527.8,27654.2,26215.6,25135,25619.3,27221.2,26198.3,25072.5,24703.1,20736.5,21546.7,22322,22631.7,22088.2
21365.6,20521.6,19518.7,19306.8,18661.7,18834.6,18983.1,19267.3,20919.6,21987.2,24330.5,24668.1,23619.8,22885.8,24427,26388.1,26179.7,25693.9,25475.1,25942.8,24877.3,23734.5,23391.1,22690.4
21769.7,21070.9,20366.6,19822.3,19477,19344.7,19109.1,20222.9,22632.4,26133.5,27200.2,27245.6,26617.5,24999.3,25433.1,27378.3,27363,26434.1,26525.7,27139.2,25704.9,24478.1,24308.8,23813.1
23060,22294.9,21744.2,21099.5,20539.9,20250.2,19709.3,20642.9,22036.7,23761.1,25093.9,25109.3,24836.9,23299.9,23505.2,23603.9,23392.9,24515.4,25204.9,26235.5,25523.9,25306,25290.2,24475.2
23553.3,22680.5,22055.6,21442.7,20969.3,20674.9,20242.8,21687.4,24798.4,27864.9,29019.1,29322.8,28332.9,27188.7,28155.2,30006.5,30026.5,29233.4,28488.3,28950,27864.9,27019.6,26613.5,25648.6
24384.1,23364.9,22528,21915.8,21545.9,20905,20618.9,21947.8,24647.3,27728.3,28649.5,29059.6,28180.4,27373.3,28391.8,30161.3,29993.5,29102.6,28415.2,29110.8,27911.2,26962.1,26454.8,25375.3
24365.5,23441.6,22640.8,22043.2,21490,21150.5,20719.5,22120.8,24884.2,27848.5,28986.3,29074.1,28313.3,27534.4,28341.1,30074.7,30052.4,29244,28663.6,29162.3,28043.9,27104.4,26763.3,25763.3
24627.6,23595.2,22858.7,22227.9,21757.6,21414.9,21127.5,22523.1,25260,28229.4,29080.7,29303.3,28518.5,27313.8,28227.7,29905.3,29680.2,28890.6,28428.7,28617.3,27373.3,26670,26516.9,25564.1
24438.4,23566.6,22724.1,22011.7,21554.8,21192.5,20718.5,22354.3,25147.9,28170.6,29426.2,29063.4,28049.7,26792.5,26364.8,25581.4,25616.6,25177.8,24972.2,25281.1,24154.5,23247.4,22820.9,22170.6
21457.9,20731.4,19907.3,19118.9,18859.9,18747.6,18520.4,18492.6,19890.3,22689.6,24106.5,23637.9,22683.6,21138.2,21755.9,24067.2,24552.6,24294.6,24436.7,24415.7,23268.4,22538.3,22282.9,21545
20527.8,19267.7,18712.2,18413.2,18702.9,18780.7,18721.9,19588.4,21144.4,23103.7,24659.1,24851,24446.5,22926.2,23152.3,23118,21817.2,21782,23778.1,23654,21731.9,21883.4,21055.8,20043.7
19261.1,18628.5,18044.9,17617.3,17501.8,17577.7,17631.5,19002.6,22067.5,25759.8,26463.5,26702.4,25244,23832.1,24728.7,26362.3,26344,25359.3,25187.8,25450.8,24414.8,23508.9,23073.2,22067.5
21140.8,20214.1,19594.1,19028,17780.7,17500.8,18158.9,20221.9,23256.8,26272.8,27274.7,27878.8,27392.8,26571.2,27725.5,29543,29566.2,28397.1,27848.8,28118.1,26672.8,25964.2,25406,24043.8
22952.4,22101.3,21234.6,20694.9,20251.5,20031.1,19802.6,21236.9,24036.5,26589.2,26006.5,28649.6,28012.1,27309.5,28176.8,30057.5,29788.8,28970,28296.9,28516.1,27269,26413.9,25933.1,24674.5
23314,22275.3,21405.1,20765,18932.3,18593.5,18363.4,19921.4,23145.8,26897.1,27690.6,28267.4,27396.1,26253.1,26945,28876.2,28659.7,28064.9,27415.7,27513.7,26110.4,25099.5,24587,23343.9
22175.5,21167.3,20369.4,19731.6,19283.2,19109.2,18839.8,20559.1,23425.3,26635.3,27250,26924.9,25803.1,24861.1,25600.2,27277.1,27870.5,27257.3,26692.6,26822.3,25423.9,24174.1,23691.6,22559.7
21758,20881.7,20095.1,19456.2,18969.5,18773.7,18444.1,19717.4,22226.6,25540.9,26763.8,27115.5,26490.1,24738.4,24404.9,26575.6,26707.5,26089.4,26446.7,27004.1,25567.7,24215.4,23786.5,22983.8
22106.8,21111.4,20388.7,19926.4,19531.1,19257.7,18910.4,19980.2,21596.6,23551.9,24866.7,25074.6,24818.4,23100.3,23271.9,23298.2,23071.5,24215.7,24953,25568.8,24671.6,24341.4,24062.2,22845.1
21762.8,21049.1,20266.7,19655.7,19200.7,19060,18758,20536.4,23853.3,27013.2,28327.6,28707,27845.4,26834.5,27782.5,29344.8,29051.4,28408.5,27656,27644.3,26408.7,25625.7,24914.1,23559.5
22335.1,21342.9,20571.6,20067,19776.9,19579,19263.7,20522.2,23395.7,26215.2,27211.7,28473.2,27201.3,25652,26613.5,28723.4,28903.5,28276.3,27624.7,27701.7,26207.9,23194.2,24894.8,23593.7
22369.4,21345.8,20664.1,20111.3,19691,19519.3,19217.5,21155,24060.1,27395.1,28487.7,28675.8,27602.6,27129.5,28384.2,29978,29748.2,29077.7,28477.8,28613.1,27076.3,26166.3,25702,24386.6
23164.8,22140.3,21316,20708.5,20262.8,19952.3,19744.4,21457.9,24468.9,27502.9,28080.5,28066.2,26310.2,24361.4,25218.5,27341.3,27989,27556.9,27445,27515.5,26149.6,25246.9,25037.2,23887
22650.2,21592.7,20755.1,20049.9,19598.9,19570.4,19440.1,20729.8,23275.9,27457.7,28375.5,28533,27384.5,26543.8,27547.2,29204.7,29104.3,28460.9,28075.6,28014.8,26533,25213.6,24515,23836.1
23013.5,22258.2,21491.6,20754.1,20363.7,20167.7,19694.4,20641.9,22795.5,25478.8,26237.3,26892,26683.3,24680.1,24139.6,25818.2,26248.5,26082.5,27005.6,27371.1,25870.6,24496.3,24154.3,23306.7
22765.7,22100.8,21469.1,20494.8,20021,20166.9,19004.3,12233.7,13022.6,14369,15452.3,20054,25025.7,23568.7,23564.5,23242.4,23202.9,24322.8,25436.2,26081.4,25107.8,24721.8,24472.3,23525.6
22770.2,22018.2,21259.3,20533.4,19945,19598,18643,19918.9,22880.3,25798,27366,28012.7,27424.9,25609.1,25919.4,26241.8,25415.2,24749.1,24848,25352.6,24502.3,23438.9,22954.8,22014.3
21108.4,20253,19399,19021.2,18670.9,18554.7,18212.7,19125.8,21345.3,24554.7,26016.7,26537.5,25460.2,24102.7,24931.6,26842.5,26772.9,26086.4,26019.4,26006.2,24733.2,23531.9,22932.6,21894.2
20905.1,20111.1,19286.6,18773.4,18437,17786.2,17243.7,18024.3,20757.6,24679.7,25952.7,26160,23713.7,22252.7,23076.2,25781.6,26604.4,26043.7,25646.2,25411.4,23923.5,22911.5,22328.1,21321.7
20197.5,19339.1,18543.5,18077.4,17731.3,17627.1,17552.7,19234.3,22346.2,25703.3,27015.7,27697.1,26713.9,25913.1,26871.3,28796,28740.4,27965.4,27531.1,27306.7,25867.3,24934.7,24618.2,23318.5
21937.4,20833.2,20039.5,19382.4,18040.6,18749.2,18745.5,20590.2,23525.4,26763.4,27873,28052.5,27128.7,26252.5,27100.7,29070.7,28820.6,27904.1,27719.9,27752.5,26429,25232.9,24590.2,23719.3
22746.9,21932.5,21148.7,20436.6,20166.8,20070.9,19698.6,20907,22767.5,26610.6,27826.6,28287.4,26778.6,23925,24557,26495.2,26702.9,26174.3,26897.7,26952.5,25379.7,24444.5,24138.1,23469.5
22568.7,21684,21128.8,20587.8,20091.7,19676.9,19331.2,20479,22100.4,24148.7,25258.4,25368.3,24902.3,23395.7,23595.1,23547.6,23318.6,23355.8,24581.2,24944.9,24023.7,23571.3,23304.6,22553.7
21741.6,20848,20079,19402.6,19050.6,19007.4,18914.8,16325.3,17308.6,22939.4,28100.9,28592.9,27708.9,26370.2,27289.1,29106.5,28947.6,28141.8,27774.2,27474.3,26009.7,25016.7,24713,23713.1
22626.5,21683.4,21092.4,20677.1,20277.4,20181.6,20020.9,21547.2,24681.8,27939.8,28594.9,27931.7,26802.9,26192.4,27214.5,28656.8,28512.9,27940.7,28175.1,27920.7,26547.1,25528.9,25051.4,23906.9
22946.9,22146,21553.5,20948.2,20421.9,20320.5,20309.9,21705.6,24484.8,27068.7,28143.6,28421,26651.1,26611.7,27565.5,29156.4,28415,27876.2,28166.4,28121.2,26673.1,25732.6,25293.5,24041.2
22675.7,21431.8,20381.7,19697.6,19248.5,19143.7,19033.9,20180.8,23135.6,25839.7,27153.4,27767.1,26812.4,24211.7,24304.5,26199.4,26299,25740.5,25918.8,25840.4,24515.1,23661.9,23441.6,22513
21586.3,20719.3,19988.7,19446.2,18466.6,17980.3,18276.7,19199.7,21337.9,24497.4,24918.7,24276.4,22769.7,21368.7,22254.1,24745.3,24902.7,24459.5,24454.7,23753.3,22406.1,21333.1,20960.5,20112.1
19237.5,18457.7,17920.9,17582.3,17327.2,17208.3,17192.3,18027.6,19760.6,22518.3,23048.2,23785,23647.8,22551.4,23044.2,24916.3,24302,23518.4,24213.9,24226.9,22945.3,21645.9,21393.8,20923.3
20377.9,19737.8,19161.9,18010,17463.7,17099.3,16854.9,17255.7,18311.4,20306.1,22015.8,21844.9,21136.3,19449.5,19131.4,18898.5,19008.9,20627.6,22263.3,22548.5,21585.3,21057.2,20839.9,20135.3
19511.6,18945,18415.1,17907.5,17576.2,17327.7,17270.4,16267.6,16727.1,18776.7,20570,20701.6,20930,19870.1,19998.5,20185.4,20080.4,21496.9,22550.2,22066.1,21056,19703.5,20095.2,19252.3
18480.6,17775.1,17073.9,16679.5,16400.4,16496.2,16496.3,17928.7,20635.1,23966.2,25851,26126.2,24307.9,22729.9,24419.9,26578.7,26533.7,25647.6,25269.9,24872.9,23611.1,22525.7,22237.8,21202.5
20159.4,19371.8,18700,18042.4,17661.1,17651.9,17688,19649.4,22526.1,25305.9,26812.3,27266.2,26266.7,25550.9,26705.3,28406.1,28202,27235.9,26904,26851.3,25590.6,24415.6,24025.6,22778.2
21562.2,20667.1,19995,19247.1,18823.1,18686.3,18277.3,18414,21981.6,25111.6,26558.3,28241.2,27363.5,26342.1,27315,28945.4,28287.5,26184.4,25903.7,24491,24291.5,23267.2,23135.9,22345.7
21507,20787.7,20087.8,19447.6,18998.1,18788.3,18619.6,19022.7,21702.8,23082.4,23940,25090.4,24983.5,24617.4,25796.3,27085,27563,26711.8,26784.4,26593.1,24775.5,23391.7,22861.3,21933.5
21121,20418.9,19981.4,19366.9,18926.2,18607.9,15903.3,18832.6,21515.2,24533.6,24576.6,25709.4,25272.8,23211.1,23514.2,25480,25481.3,24895.5,25586.3,25560.1,24206.9,23000.6,22963.4,22366
21647.4,20771,19940.9,19544.1,19173,19036,18823.3,19583.4,20911.3,22941.1,24062.3,23974,23707.4,22301.8,22485.3,22561.7,22510.9,23508.3,24716,24849.1,23912.9,23760.1,23757.6,22875.4
21857.3,20954.7,20336.5,19821.3,19442.1,19353.7,19079.4,20235.5,22776.9,25061.2,25342.7,25700.3,24296.7,22951,23126.9,25161,25642.1,25427.9,25619.3,25380.5,23969.7,22853.2,22086.5,21043.8
19865.5,19109.6,18451.9,17912,17538.1,17364.5,17402.7,19140.8,22086.4,25243.1,26303.6,26443.2,25708.2,24982.6,25266,25540,26496.1,26159.8,26112.6,25642,24285.6,23241.4,22671,21389
20441,19745.8,19004.7,18377.6,17783.9,17446.2,17422.5,18308.4,20755.3,23670.2,24820,25259.5,24654.3,23873.3,24584.2,26197.2,25749.5,25345.1,25678.8,25408.2,23873.7,22405.4,21953.1,21096.2
20165.5,19363.9,18767.9,18350.1,17988.9,17922.9,17973.3,17900.5,20722.7,23714.2,24679.3,25061.1,25768.1,24646.1,25970.5,27804.7,26707.3,25163.8,25346.6,25208,24075.1,23284.4,23016.9,22137.6
20850.8,20046.7,19397.8,18935.9,18724.9,18559,18553.9,20384.6,22793.3,24759.2,24804.4,24924.2,24327.4,23636.1,24613.7,26096.8,26212.3,25717.8,25986,25554.1,24156.1,23023.7,22583.9,21729.7
20806.8,19907.2,19219.8,18593.7,18262.6,18031.7,17876.2,18654.7,19765,21805.8,22667.7,23076.3,23162.3,21639.4,21668.3,23170.5,23281.8,23022,23944.2,23696.6,22306.5,21307.1,20886.4,20387.7
19767,19093.6,18588.5,18196.9,17815.3,17646.8,17455.8,18127.6,19321.2,20273,21043.1,21005.6,20621.5,20797.4,20657.7,19530.3,19633.7,20351.4,21535.2,21823.5,21624.9,21578.4,21345.1,20754.6
20094.1,19458.2,19231.6,18890.1,18320.5,18606.5,18438,19616.1,21992.5,24991.3,26281.5,26802.2,25996.2,24816.4,25450.2,27251.7,27273.7,26378,26298.7,25940.8,24767.7,23785.5,23376.8,22454.1
21482.3,20571.9,19799.1,19270.1,18981.7,18859.7,18760.2,19934,22406.7,25644.2,27243.1,27509.9,26273.7,25714.9,26346.6,27901.1,27619.5,26823.6,27044.2,26995.7,25744.9,24763.8,24123.5,22543.6
21701.7,20951.7,20368.3,19918.8,19595.9,19387.9,19187.1,20016.9,22326.3,25700.5,27052.7,26296,22843,21490.2,21425.8,23012.7,23266.9,23585,24198.2,24349,23398.2,22560.9,21288.6,19938
19423.1,19098.4,18608.6,18241.9,17960.7,17889.2,17986.9,18866.8,21333.9,24493.1,25273.9,25544.3,12294,23653.4,23020.5,24757.8,24820.1,24945.5,25414.5,25112.3,24090,23164.1,22847.1,21089.5
20214.8,19293.9,18430.7,18225.2,18035.3,18182.9,18083.1,19536.9,22248.2,25441,26523.6,26632.1,25931.2,24921.1,25851.7,26834,26881.1,26328.5,26492.4,26202.7,24743.3,23512.5,23202.3,22323.2
21402.6,20626.5,20051.9,19446.8,19069.1,18893,18575.8,19483.9,21765.7,25010.6,26181.2,26574.6,25993.3,24129.3,24465.3,26040,26039.1,25427,26316,25986,24193.5,22915.9,22583.5,22084.4
21598.7,20977.7,19101.8,19433.9,19106.1,18965.3,18815.9,19317,20587.2,22576.7,23983.5,23914.5,23585.9,21652.7,21434.7,21585,21616.6,22891.4,24262.9,24471.8,23250.7,22707.3,22624.2,21881.1
21308.3,20682.7,20124.9,19668,19241.8,18968.1,18544.8,18528.8,18883.4,21036.2,22615.1,23378.4,23674.7,21784.9,21749.2,21288.7,21305.5,22692,24046.8,24383.5,23293.5,22486.1,22033.3,21491.6
20715.3,19971.8,19401.3,18931.3,17906.3,17758.5,17936.5,19013.9,21509.6,23893.6,24819.5,26299.1,24827.4,23231.7,23688.2,25521.3,25987.3,25837.5,26156.3,25943.8,24676.7,23755.2,22781.1,22370.9
21447.3,20725.1,20150.1,19666.4,19393.1,19306.3,18202.8,18981.2,22525.4,24744.3,26156.8,25480.5,24373.1,23250.3,23102.4,25108.8,25530.4,25646.7,26158,26045.9,24773.5,23924.8,23459.6,22466
21548.8,20790,20147.6,19734.3,19401.2,19168.7,19101.5,20503.6,22998.4,25852,26796.2,27047.8,26109.8,25418.8,26208.4,26577.4,26941.6,27105.7,27603.2,27261.7,26061.2,25274.1,24873,23767.3
22668.4,21774.6,20757.3,20451.9,20089.6,19922.8,19767.5,21000.9,23557.6,26281.7,27328.5,27678.8,26994.5,26181.2,27056.3,28818.8,28052,27518.6,27655.6,26719.2,25642.3,24827.9,24690.4,23853.7
22957.2,22105.8,21287.4,20535.8,20252.1,20020.2,19658.6,20554.4,22665.6,25286.3,26435.7,26695,25307.4,23827.1,24627.6,26158.7,26121.9,25701.9,26756.3,26600.6,25145.9,23885.2,23475.8,22934.1
22349.5,21326.6,20690.4,20074.7,19611,19466.9,19205.7,19519.5,20427.9,22202.6,23954.3,24237.9,23973.3,22145.1,22313.1,22267.2,22196,23535.2,25176.1,25207.6,23993,23299.1,23177.2,22640.4
22089.8,21424.1,20804.4,20211.9,19714.5,19428.1,19088.1,19741.9,20892,22860.1,24283.1,24678.4,24506.5,22669.9,22552.7,21995.9,22232.5,23696.3,25393.1,25504.1,24642.6,24228.9,23859.3,23054.1
22045.5,21231,20514.9,19890.4,19398.5,19189.9,18625.8,18366.6,21204.8,23976.3,24862.3,25543,26319.1,25423.4,26495.1,28010,28097,27249.2,27217.3,26827.6,25510.6,24422.6,23995.7,22951.4
21811.3,20924.2,20302,19751,19217.9,18542,18467.7,20021.5,22992.4,26004.3,27070.3,27410.3,26697.4,24546.2,25099.5,28276,28056.8,27147.5,27214,26884.9,25460.5,24711.8,24400.3,23286.1
22156.8,21177.2,20312.2,19525.6,19119.5,18895.3,18694.2,19865.1,22823.3,26159,27019.4,27478.6,26118.5,24862.7,26120.5,27899.4,27790.3,27165.8,27148.3,26751.2,25269.2,24467.4,24165.6,23056
21846.6,20877,20162.4,19641.6,19286.5,19212.7,19045.7,20304.4,23153.2,26218.3,27370.6,27607.9,26880.5,25863.8,26399,27729.8,27596.2,27102.5,27075.5,26473.4,25057.7,23955.5,23733.6,22737.5
21679.1,20861.1,20157.4,19728.7,19153.9,18907.3,18261.9,19839.5,22011.6,25069.9,26179.1,26190.9,25944.1,24445.1,24090,25198,24864.7,24526.1,25478.3,25351.7,24259.3,23048.6,22555.7,21904.5
21276.1,20692.3,20084.6,19490.4,19078.1,18659,17612,17533.6,19887.6,8171,22630.6,23520.9,23416.8,21670,21884,21929.9,21870,23049.1,24497,24627.2,23083.4,22214.3,21081.5,21794
20809.7,18442.1,17368.4,17761.9,17794.8,17732.8,17637.2,18935.4,21765.4,24736.1,24609,25041.6,25434.1,24552.9,25174.2,26796.7,26928.5,26183.2,26137,25643.5,24074.5,22581.2,22663.9,21740.4
20748.7,19933.5,19197.4,18652.8,18206.7,18125.5,17027.3,18145.7,21385.6,24882.5,26450,26559.8,25830.4,24346.5,25574.9,27348.9,26743.7,25179.5,25538.1,25365.9,24124.2,22297.1,22055.7,20970.3
20096,19200.2,18674,18285.1,17968.5,17936.6,17937.2,19247.1,20877.4,23333.4,24234,25148.4,24725,23139.5,23722.1,25488.1,25448.3,24865.3,25150.7,25109.8,23939.5,22991.4,22433.1,21369.8
20318.8,19492.3,18886.4,18419.9,18125.6,17788,17628.5,18382,20607.8,24417.8,25721.1,26236.1,25697.1,24604.7,25504.1,27177.5,26981.9,26088.9,26347.8,25994.7,24722,23821.2,23178.5,22116.9
21008,19972.5,19282.6,18736.7,18232,18051.2,17906.9,19249.3,21924.3,24707.4,25834.9,26259.3,25779.6,24891.2,25667.8,27071.9,26660.4,26195.1,26576.5,26023.9,24626.9,23373.6,22896.7,21970.4
20882.8,19995.3,19304,18645,18153.9,17985.3,17739.8,18848.5,21194.5,24720.9,25186.9,26048.2,25569.8,23886.8,24486.9,26263.3,26133.9,25585.8,26438.2,26343.2,24941.5,23621,23263.7,22617.1
22032.6,21318.5,20630.7,19918.1,19206.6,18926.3,18622,19073.1,20305,22430.4,22379.5,24053.2,23834.3,21945.2,22086,22160.2,22086.1,23201.5,24431.5,24307.2,23185.2,23033.1,22754,22009.4
21173.9,20395.9,19660.8,19115.1,18731.1,18524,18484,19713,22384.7,25507.8,26527.3,26842.3,26071.9,24772.1,25649.8,27357.5,27215.2,26441.2,26389,26254.8,24492,22966.3,23313,22353.7
21024.2,20129.8,19750.4,19294.8,18914.8,18822.5,18801.4,19776.1,22761,25885.7,26449.4,27201.1,26735.1,25569,26438.5,27552.3,27983.4,27128.2,27459.3,27237.2,25976.6,25018,24868.1,23971.7
22871.2,22075,21427.7,20919.3,20494.5,20463.8,20330,21453.3,24157,27096.6,28209.9,28489.2,27751,26595.7,27649.6,29377.1,28929.2,28179.5,28199.9,28064.9,26860.2,25816.2,25801.2,25034.4
23849.4,22973.1,22215.3,21677.8,21226.2,21025.1,20788.9,21754.4,24126.8,27089.1,28176.3,28896.6,28150.5,27004.2,27812,29455.3,29154,28504.4,29034.2,26742,26647.6,25799.4,25716.2,24680.1
23730.7,22868.9,22013.6,21399.1,20942.6,20833.9,20734.5,17494.3,18241.1,19911,20578.8,22739.3,26048.1,25751.9,27040.8,28901.8,28295.1,27529.2,27652.2,27049.1,25695.8,24306.3,24167.5,23379
22509.9,21659.4,20982,20382.1,19983.3,19780.6,19607.2,20209.3,22068.8,25121.6,26072.9,26231.5,25716.1,24371.8,24278.1,11707.4,24558.6,24489.5,25896.1,25694.7,24577.6,22942.9,21401.7,22466.4
21785.6,21122.6,20594.6,20050.5,19796.3,19412.4,19186.3,19697.9,20878.4,22840.4,24204.9,24132.9,23604,21698,21822.2,21894.1,21634.7,23067.7,24602.2,24726.3,23615.4,22940,22909.7,22427.6
21747.6,21025.3,20200.2,19537.6,19228.9,19066.7,18881.1,19346.4,20861.9,24192.5,25978.2,26712.9,25656.3,24503.4,25391.2,27110.1,27020,26302.5,25935.8,25406,24201.7,23378.2,23068.7,21935.6
20903.8,20253.5,19694.5,19080,18631.6,18407.2,18613.7,19831.4,22634.6,25577.4,26688.6,26887.8,26014.8,24878.6,25785,27479.6,27299,26610.9,26751.6,26311.7,24599,23532.5,23235.7,22469.8
21480,20683.9,19988.8,19317.3,18941,18827.4,18863.6,20318.9,23031.2,10309.2,13226.8,26992,26732.9,25685.2,26291.8,28202.2,28141.8,27381.5,27591.3,27332.2,25830.5,24912.9,24551,23904.9
22862,21478.1,20889.1,20380.9,20029.5,19822.4,19796.4,18701.2,21808.8,22982.1,24041.7,24772.1,25367.4,24725.5,25228.4,26968.6,26772.1,26109.4,26857.1,26066.2,25155.3,24190.9,23845.7,23022.3
22221.8,21423.4,20417.9,19726.4,19445.7,19522.2,19533.5,19566.9,20676.7,22899.8,23946.5,25267.7,25334.5,24507.1,25683.3,27131.7,26908.2,26214.9,26192.4,25743.5,24451.8,23096.1,22747.5,22209.6
21737.7,21202.5,20639.8,20090.5,19662.7,19517.3,19286.3,19711.9,21956.6,25064.8,26147,26595.8,24538.2,20656,23009.2,25290.1,25844.4,25412.3,25982,25743.9,24220.9,22707.9,22190.2,21727.5
21325.4,20831.3,20178.8,19641,18628.1,18720.3,18608.7,19113,20047.7,22163,23163.9,23619,23571.9,21532.5,21630.8,21637.6,21537.6,22847.2,24320.2,24385.9,23115.1,22558.9,22000,21725.3
20865.6,20384.4,19894.8,19489.1,19149.9,18965.6,18733.1,19793.1,22522.9,25664.8,26697.8,26891.6,26345.9,25085.1,26041,26627.2,27480.3,26250,26618.9,26109.1,24647.3,23740.7,23491,22711.8
21897,21063.4,20258.1,19709,19269,19349.8,19221,20223.7,22672.6,25501.1,26516.1,26775.9,26122.2,24463.1,25649.9,27357.6,27060.2,26390.1,26834.1,26479,25152.5,24020.7,23622.7,22889.6
22086.8,21420.9,20806.6,20262.5,19850.7,19315.9,19162.8,18511.7,20188.7,23340.9,24767.5,25685.1,25545.5,24496.5,24876.6,26156.7,21305.1,24147.8,25965.1,25755.7,24535.3,23406.7,23177.5,22335
21456.8,20656,19970.6,19473.9,19202.2,19004.1,18881,19208.3,21389,24690.1,25890.5,26310.9,25950.9,24890.6,25867.2,27514.1,27331.8,26551.7,26795.2,26494.4,25191.3,24055,23528.6,22800.9
21812.6,21008,20214.1,19694.1,19378,19023.2,19150.4,19019,20034,22229.6,23450.9,24128,25129.7,24866,25589.6,27148.2,26485.1,25989.9,26059.1,25687.9,24287.9,22937.1,22495.7,21859
21171.6,20359.8,19619.1,19041.2,18693.8,18459,18350.7,19078.9,21174.6,24221.7,25462.1,25451.1,25304.7,23829.3,24475.3,25963,25897.7,25390.2,26068,25985.8,24608.8,23037.1,22626.9,21890.8
21261.3,20699.2,20116.6,19588.1,19193.2,18893.8,18631.8,19094.4,20529.3,22608.9,24194.5,24426.5,23782.6,21892.1,21830.2,22056.2,21901.5,23135.4,24498.5,24722.1,23621.3,23001.4,22934.8,22425.1
21797.6,21007.3,20284.5,19738.2,19325.3,19146.3,19156.3,20119.5,22898.1,26109.9,27274.9,27590,27035.7,25946.8,26705.2,28439.6,28143.8,27670.5,27532.5,27030.9,25664.6,24564.8,24587.9,23915.9
22958.8,21964.5,21279.2,20720.2,20260.9,19969.1,20054.7,19541.2,21530.9,24377.5,25370,26818.4,26092.2,24623.6,25696.8,27502.9,27255.9,25948.5,27152,26858.1,25191,23894.2,23997.1,23253.6
22135.1,21347.7,20760.1,20036.4,19208.7,18727.9,18896.5,16798,21542.7,25309.1,26908.9,26382.9,26115.6,24928.3,25871,26814.6,27067.7,26374.6,26778.5,26505,25289.5,24316.7,24142.7,23487.2
22470.5,21623.6,20998.1,20453.4,20040.1,19891.8,20064.2,20637.4,22705.7,25522.9,26154.2,26400.3,25522.3,24067.1,25329.9,27105.1,27063.4,26506.7,26828.2,26461.5,25252.7,24345.8,24381.3,23695.7
22280.9,21587,20984.6,20433.3,20103.4,19967,20087.3,20208.2,22352.2,25757.5,26832,27150.2,26641.6,25357.7,25702.4,26747.6,26405.9,26148.7,26842.1,26785.9,25382.6,24054.1,23994.8,23246.9
22067.2,21735,21201.1,20666.2,20261.8,19706.3,19694.9,20164.9,21795.2,24009.1,24903.4,25009.1,24549.4,22473.9,22522,24197.6,24325.1,24030.4,25094.3,24908.3,24237.2,22442.9,22148,20648.7
21398,20787.3,20205.3,19637.6,19355.3,19202.4,19024.4,19091.3,20366.6,22658.6,24105.1,24065.5,23930.1,21998.2,21784.9,21966.5,21793.5,23012.5,24386.3,24535.9,23261.1,22640,22682.9,22196.2
21591.5,20903.7,20313.3,19760.7,19370.6,19206.2,19272.4,20096.8,22467.1,25721.9,26413.2,25586.7,25469.5,24397.3,24508.3,26430.7,26488.1,26084,26272.1,25551.1,24418.4,23384.9,23303,22809.4
22011.1,20887.6,19718.4,19236.9,18919.1,18577.7,18842.3,19506.9,21251.4,23769.9,24345.1,24050.1,22925,21455.7,21632.8,22674.5,22739.8,22579.7,23942,24157.9,22329.3,21119.1,20278.9,19657.4
19242.1,18996.4,18889.4,18720.6,18562.8,18368.6,18230.8,17954.9,18448.6,19373.3,19840.5,20039.3,20083.3,19693.3,19668.3,19413.9,19321.5,19680.7,20896.5,21198.6,20873.7,20931.4,20958.9,20756.8
20262.3,19713,19188.1,18715.8,18485.2,18365.6,18462.1,19144.1,21384.2,24601.4,25900.6,26306.1,25679.7,24226.1,25118.8,26819.4,26593.7,26071.4,26173.8,26280.9,25046.7,23989.5,23793.9,22945.4
21762.8,20941.1,20263.2,19405.1,19006.8,18898.3,19032,19768.2,22147.5,25685.7,26716.9,26859.5,25705.4,23887.7,24428.4,26232.5,26565.1,26207.3,26419.7,26394.9,24940.8,23748.2,23428.9,22765.6
21969.6,21394,20786.5,20275.6,19923.6,19801.1,19828,20360.2,21678.3,23345.5,25045.9,25138.6,24400,23750.2,24542,26294,26426.8,25999.5,26692.5,26721.9,25204,23608.9,23615.7,23235.3
22723.9,22039.9,21396.8,20944.9,20451.7,20113.4,20026.3,20245,21746.5,24011.1,25376.7,25189.6,24906,23123.6,23094.2,23094.5,23155.2,24431.1,25801.3,26109.9,24925,24360.3,24309.5,23616.6
22857,22121.8,21377.6,20729.7,20284,20087,20195.9,20918,23601.3,26947,28184.7,28121.2,27397,26318.4,26942.3,28304.9,28306.6,27614.1,27666.7,27519.4,26270.7,24876.2,24735,24106
23139.6,22347,21504.9,20831.5,20406.8,20132.2,20132.8,20707.1,22677.5,25837.1,27124.8,26853.6,26607.6,25435.4,25439,25935.2,25650.5,25398.5,26431.3,26687.9,24267.6,22498.4,21427.6,20552.6