sep=;
dias;0;1;2;3;4;5;6;7;8;9;10;11;12;13;14;15;16;17;18;19;20;21;22;23;Total
1;19682.10;19779.00;19907.40;19659.10;19280.70;19099.70;18904.40;18922.50;19674.10;20611.30;21374.40;21645.70;21558.40;21338.80;20992.80;20776.40;20658.30;20355.90;21444.00;22295.80;21959.70;22432.00;22173.70;3127.30;477653.40
2;6842.70;12221.60;18107.30;17500.10;16925.90;16677.30;16706.80;17307.90;19820.30;23209.20;24799.00;24726.00;24785.20;23096.40;24071.10;23900.00;16790.90;23249.90;24987.50;25570.00;24084.30;20944.20;21062.40;21454.60;488840.80
3;20581.90;19781.10;19152.20;18675.40;18324.50;18099.20;18060.70;18679.60;21317.50;24362.60;25533.20;25643.80;24700.80;22900.20;23928.10;26177.30;25946.10;25482.20;25594.20;25327.10;24245.70;23263.60;23021.60;21624.70;540423.30
4;21147.60;20386.70;19743.30;19029.40;18637.30;18459.30;18449.80;19084.70;21696.90;24931.80;25578.70;25642.30;24789.50;22671.50;23602.40;25810.90;25891.60;25049.10;25443.10;25568.50;24182.10;22973.00;22425.00;21816.60;543011.10
5;20312.10;20008.50;19666.10;19133.40;18844.70;18680.10;18542.80;18358.00;20854.90;24282.00;25222.60;25151.70;24585.30;22640.80;23049.50;25038.20;25008.10;24274.80;25078.00;25451.30;24127.10;22808.90;22342.40;21666.10;535127.40
6;20949.60;20446.30;19840.20;19206.10;18729.80;18387.60;18169.90;18207.30;19566.20;21805.70;22298.90;21234.80;21173.00;19894.20;19940.10;20103.50;20100.70;21477.50;22877.30;23439.40;22195.00;21403.80;20894.20;20347.10;492688.00
7;19565.80;19015.70;18399.20;17853.60;17500.80;17335.50;17217.60;17293.10;18728.40;20683.80;22192.10;22337.90;22205.20;20527.80;20351.60;20405.40;20274.30;21362.00;22607.40;23389.10;22424.10;21743.80;21505.20;20745.40;485664.70
8;19849.30;19129.50;18505.60;18042.30;17721.70;17521.50;17610.80;18122.80;20888.50;24167.80;25377.60;25600.90;24732.90;22773.20;22777.40;25362.30;25835.80;24777.50;24384.60;24405.70;23113.20;22003.40;21563.00;20717.20;524984.60
9;19694.30;18760.30;18100.40;17630.80;17181.10;16988.00;17068.40;17639.00;20196.30;23291.00;24433.50;24685.00;23814.40;22442.80;23471.60;25464.60;25206.80;23619.50;23419.20;23675.70;22487.50;21620.50;21043.20;20229.10;512163.00
10;19328.00;18536.60;17871.50;17325.20;16892.80;16798.10;17136.00;17552.80;20073.60;23025.70;24389.80;24479.60;23730.50;22168.30;22969.20;24810.90;24847.40;24040.60;24006.40;24168.50;22931.60;21888.30;21353.20;20374.90;510699.60
11;19305.00;18470.90;17825.70;17188.90;16687.00;16450.30;16648.10;17138.60;19808.20;22623.30;23833.80;24259.00;23453.90;21946.30;22813.90;24879.60;24734.90;23773.00;23658.90;23630.30;22284.50;21163.70;20742.90;19982.90;503303.60
12;19073.80;18364.90;17848.60;17293.70;16978.20;16830.00;16752.70;17051.60;19102.10;22116.50;23408.20;23676.50;23249.40;21519.10;21870.90;23549.70;23628.20;22333.50;22167.10;23548.30;22451.90;21279.50;20711.80;20049.90;494856.00
13;19351.90;18647.30;18082.70;17071.70;16528.80;16458.30;16405.40;16678.60;18060.80;19900.10;21212.00;21471.50;21302.20;19656.00;19682.60;19346.70;19299.10;20460.30;21611.30;22265.70;21460.30;20917.60;20323.70;19484.70;465679.00
14;18942.10;18311.30;17681.40;17168.00;16924.10;16780.10;16894.70;17496.60;20074.10;23044.00;23081.50;23191.80;22421.50;21387.70;22518.20;24730.90;24731.90;23785.00;23718.10;23725.80;22412.90;21572.50;21239.70;20519.20;502353.10
15;19673.80;18874.20;18139.10;17181.00;17026.60;16966.70;17076.90;17626.70;20115.00;23229.50;24309.00;24531.60;23640.20;21096.50;23184.20;25209.90;25222.20;24238.20;24137.00;24207.70;22836.40;21877.60;21447.80;20531.20;512379.20
16;19686.20;18830.70;18209.00;17784.30;17357.30;17219.00;17266.70;17902.80;18784.80;21752.80;23554.40;23846.70;23285.40;22159.10;23239.70;25212.70;25102.40;24393.00;24239.50;24277.30;22719.50;21793.70;21321.30;20473.90;510412.10
17;19523.10;18840.10;18074.10;17506.70;17109.30;17055.90;17041.30;17626.10;19989.90;23106.90;24098.70;24284.40;23402.70;22034.40;23108.80;25119.30;24901.00;24028.70;23714.50;23897.50;22499.70;21672.00;21367.60;20602.00;510604.60
18;19518.10;18771.60;18157.30;17548.20;17203.20;17288.70;17303.70;15592.00;15195.70;19464.80;21000.50;22426.10;23109.30;22478.00;23445.30;25417.80;25085.20;24182.10;23896.00;23937.10;22421.90;21449.70;21152.50;20402.80;496447.60
19;19559.20;18957.70;18358.10;17759.80;17361.50;17015.90;16925.90;16970.70;18778.10;22128.00;23449.10;23605.10;22924.90;21216.20;21660.30;23533.90;23730.10;23014.90;23334.40;23767.70;22414.10;21391.80;21034.60;20220.20;499112.30
20;19608.10;19074.10;18546.70;18017.30;17701.50;17403.20;17281.70;17121.40;18225.00;19811.20;21441.40;21518.40;21249.60;19864.00;19636.90;19691.00;19637.90;14579.40;15945.10;22326.90;21476.00;20923.70;20714.60;20128.20;461923.50
21;19422.10;18727.60;18006.10;17433.30;17088.00;16927.70;17151.00;17604.20;20075.90;23026.40;23903.60;23709.80;23466.80;22273.60;23057.20;25141.30;25223.50;24316.00;23794.80;23864.00;22472.20;21478.20;21087.80;20217.20;509468.10
22;19260.40;18691.90;18011.10;17560.90;17142.60;17246.70;17309.30;17697.50;20199.20;22964.90;23961.30;24185.70;23329.90;21639.00;22843.40;24988.20;24962.00;23932.10;23648.30;23851.60;22661.00;21744.40;21414.90;20482.60;509729.20
23;19477.00;18740.20;18120.10;17727.10;17368.90;17248.50;17431.30;17373.60;19732.40;22806.30;24151.80;24491.30;23651.60;21082.10;22624.40;25172.90;25316.00;24473.20;24113.70;24452.10;23191.20;22149.10;21624.20;20811.30;513330.30
24;19726.50;18908.20;18274.60;17788.10;17582.70;17447.20;17662.00;18200.20;20209.30;22480.70;23566.10;24139.40;23229.30;22078.70;22988.00;24927.50;25067.90;24195.20;23886.50;24219.60;22892.80;21985.20;21783.40;21021.00;514260.10
25;20029.90;19157.30;18397.40;17901.90;17574.20;17518.20;17672.60;18190.20;20802.20;23573.90;24416.90;24667.40;23917.20;22058.10;23369.00;25344.40;25422.60;24788.80;24665.10;24911.80;23249.00;22051.00;21596.80;20891.10;522167.20
26;19994.90;19218.20;18560.00;17959.00;17532.40;17386.10;17215.30;17273.10;18290.50;21644.40;23055.00;23511.10;22980.20;21337.40;21754.40;23477.40;23580.70;22795.50;23232.80;23707.50;22310.90;21230.80;20703.20;19981.00;498731.90
27;19101.30;18399.30;17730.60;17179.30;16810.80;16612.40;16525.10;16620.20;17934.00;19840.70;21267.20;21361.70;21189.10;19902.40;19872.20;19952.20;20048.00;20603.50;21747.80;22540.50;21569.80;21092.70;20760.00;19969.70;468630.30
28;18998.80;18228.00;17510.30;16981.90;16645.90;16539.20;16566.40;17167.90;19973.10;22988.80;24168.40;24455.40;23552.60;22332.30;23375.30;25114.60;24738.60;24109.30;23529.60;23729.50;22424.00;21581.70;21098.20;20027.00;505836.70
29;18953.80;18140.60;17446.10;16858.10;16454.70;16409.20;16494.50;16514.00;18897.00;22038.60;23265.90;23580.90;22985.30;22282.10;23342.00;25250.20;25282.40;24497.40;23786.00;24067.80;22798.80;21754.90;21164.80;20150.10;502415.20
30;18969.10;18208.80;17590.60;17059.50;16716.60;16747.70;16770.20;17470.30;19934.80;22643.60;23849.30;24174.10;23340.90;22117.30;23186.50;25140.50;25173.50;24249.10;23830.90;24119.10;22808.70;21997.40;21343.10;20313.50;507755.20
31;19121.80;18286.40;17510.00;17097.10;16625.70;16566.80;16776.60;16273.50;18372.70;21607.00;23193.70;24266.00;23141.30;22163.10;23309.00;25295.00;25401.40;24387.40;23706.10;23645.50;22340.40;21456.80;20985.20;20217.20;501745.60
1;19132.20;18328.90;17674.30;17245.50;16883.90;16879.60;16967.30;17506.20;19837.70;22780.50;23946.60;24381.80;23633.50;22505.60;23646.70;25506.20;25349.70;24446.00;23893.50;24396.80;23268.90;22125.70;21571.80;20850.70;512759.50
2;19989.10;19264.80;18596.80;18046.80;17648.30;17372.80;17456.70;17564.20;19442.00;22840.00;23232.60;23739.20;23103.90;21572.10;22023.20;23917.80;23954.80;23153.10;23186.10;23495.20;22269.90;21265.20;21078.10;20396.70;504609.60
3;19688.70;19070.90;18538.50;17853.10;17445.30;17273.40;17278.70;17117.00;18255.80;19892.00;21091.40;21173.10;20999.50;19823.40;20085.30;20123.50;19823.70;20832.40;21675.30;22596.30;21807.10;21309.50;20896.40;20213.70;474864.10
4;19222.50;18425.10;17820.80;17350.30;17032.00;16926.40;17016.10;17615.20;20134.90;23137.10;24235.20;24603.30;23616.70;22449.30;23591.80;25493.60;25431.30;24367.90;23664.30;23964.20;22619.80;21799.20;21243.40;20257.40;512017.80
5;19192.60;18408.70;17781.30;17352.40;17080.70;16870.40;16365.20;17540.80;19579.40;22197.60;23495.40;23781.60;23094.80;21964.80;23256.90;25155.60;25016.60;24123.40;23418.90;23963.80;22635.70;21573.90;21223.70;20207.40;505281.70
6;19085.80;18341.50;17648.20;17197.10;16870.10;16869.60;16866.10;16308.00;18925.10;20691.20;21737.90;23026.80;23394.30;22328.80;23534.50;25478.70;24620.00;23096.50;23632.40;24125.20;23064.90;21960.50;21378.20;20346.20;500527.60
7;19357.10;18526.40;17833.70;17223.60;16885.90;16796.10;16883.70;17431.60;19908.60;22925.00;23788.30;24125.90;23293.40;22314.40;23347.60;25227.90;25148.40;24180.10;23532.10;24020.90;22794.20;21927.60;21306.90;20315.80;509095.20
8;19340.30;18463.80;17804.60;17331.00;17054.80;17050.10;17179.00;15362.90;17433.30;20517.20;21622.50;21934.40;21493.80;22583.50;23820.60;25723.90;25555.20;24632.70;24026.20;24326.40;23019.10;21953.10;21366.00;20591.50;500186.00
9;19676.10;18972.90;18318.90;17676.00;17248.00;16944.30;17093.90;17435.20;19217.60;22188.90;23440.80;23721.80;23191.40;21427.80;21846.00;23692.10;23719.60;23008.40;23199.20;23686.40;21756.10;20675.80;20364.30;19573.30;498074.80
10;18952.00;18232.90;17626.30;17042.10;16795.40;16592.00;16473.50;16346.40;17583.20;19318.00;20664.30;20838.20;20638.10;19517.30;19907.30;20009.10;19964.00;20969.70;21537.90;22543.30;21801.40;21306.80;21059.10;20113.10;465831.60
11;19173.20;18393.90;17729.40;17370.00;17163.60;17092.70;17126.70;17801.00;20284.10;23042.10;24086.20;24650.20;23591.40;22404.20;23506.70;25631.20;25479.80;24600.80;23968.80;24124.90;22944.50;22026.20;21573.00;20546.90;514311.50
12;19456.30;18485.40;17844.10;17271.10;16973.40;16915.40;17041.20;17665.80;20085.90;22917.90;24012.40;24391.30;23497.00;22563.60;23623.70;25471.20;24776.30;24079.80;23789.10;24289.90;23073.40;22185.60;21864.30;20802.30;513076.40
13;19745.30;18899.30;18339.70;17848.70;17509.10;17441.40;17420.40;18001.40;20179.80;22882.80;23964.70;24515.60;23776.60;22735.00;23635.40;25714.00;25813.50;24964.40;24304.80;24933.40;23742.90;22747.20;22174.80;21075.80;522366.30
14;19864.40;19017.10;18438.40;17824.60;17411.30;17290.00;17301.30;18039.10;20666.30;23754.70;24705.10;24962.70;24144.60;23202.00;24149.70;25941.70;25963.80;25309.20;24663.50;24891.40;23719.80;22717.00;21662.90;20580.40;526220.80
15;19683.60;18687.50;18101.90;17533.10;17147.90;17050.00;17092.00;17585.50;20144.60;23279.50;24399.00;24726.20;23910.30;23138.50;24076.00;26126.90;25946.60;25016.40;24363.10;24812.40;23554.80;22351.30;21895.00;21072.10;521694.30
16;20111.60;19313.50;18520.00;17960.50;17382.70;17229.30;17132.10;17653.70;19655.40;22692.60;23907.60;24151.40;23694.20;22253.00;22731.50;24630.10;24640.70;23696.00;23924.00;24527.50;23254.70;22234.80;21895.80;21108.70;514301.20
17;20426.20;19678.40;18898.40;18005.90;17014.80;17684.50;17467.80;17609.20;18932.40;20819.80;22106.60;22314.30;22116.10;20923.10;21093.10;21117.30;21016.60;21755.50;22447.80;23606.80;22980.50;22678.20;22410.00;21585.90;494689.40
18;20656.40;19832.80;19081.30;18520.70;18109.80;17968.30;17820.70;17690.30;21136.50;24522.60;25791.70;26354.20;25491.70;24329.80;25271.00;27191.30;26974.20;26048.60;25206.80;25563.70;24193.10;23245.00;22679.80;21624.30;545304.70
19;20503.00;19640.80;19000.90;18429.40;18089.70;17904.80;17874.00;16401.40;19202.70;21357.30;23076.00;24762.80;23868.50;22526.90;24172.80;25645.50;24991.10;24239.10;23820.30;24192.40;23180.90;21996.50;21356.50;20428.70;516662.10
20;19424.30;18623.90;17961.50;17266.70;16813.10;16781.00;16890.90;17642.10;19577.90;21796.40;22167.30;22502.90;21523.50;20266.30;21188.90;22990.70;23137.80;22879.50;22662.30;23173.50;22032.60;21131.20;20613.20;19713.60;488760.90
21;18787.80;18140.50;17622.70;17176.20;16945.30;17045.00;17212.70;18043.30;18712.90;22695.20;24392.90;24765.40;23793.40;22342.30;23332.70;25513.90;25279.80;24512.70;24024.60;24528.80;23157.00;22132.20;21102.40;20065.30;511325.10
22;19071.20;18228.00;17578.90;17138.40;16830.10;16865.50;16919.70;17498.90;19655.10;22874.90;24190.80;24233.20;23497.10;22464.30;23312.10;25416.60;25232.90;24701.00;24082.40;24499.60;23132.60;22063.60;21509.40;20751.60;511747.90
23;19949.50;19193.20;18676.80;17974.30;17721.70;17626.00;17633.00;18032.20;19643.90;22538.90;22345.20;22858.70;22846.70;21609.60;22111.90;24074.20;24343.70;23680.90;23633.40;24060.30;22700.00;21670.80;21421.80;20813.20;507160.00
24;18610.40;18570.60;17953.60;18090.70;17570.50;17293.30;16979.00;17008.00;18416.70;20067.30;21251.30;21337.20;21201.80;19912.80;19969.90;20084.80;20104.60;21149.60;21815.10;22755.90;22086.50;21620.00;21243.70;20511.90;475605.40
25;19715.50;18971.00;18300.80;17732.30;14855.30;17187.90;17122.60;17847.70;20013.60;23041.80;24415.10;24380.90;23281.60;21996.80;22934.30;25222.40;24687.40;24271.50;23380.90;23900.00;22474.00;21690.10;21159.30;20269.30;508852.20
26;19185.40;17186.50;16756.20;16994.80;16810.20;16611.10;16548.60;17624.70;18387.90;21413.90;23308.60;24297.50;23418.50;22217.90;23068.90;25194.50;25293.30;24368.60;23650.60;24165.70;22901.40;21860.00;21461.40;20588.70;503314.90
27;19466.60;18621.40;17831.30;17498.50;17176.30;17172.60;17254.10;18090.30;20340.50;23153.00;23966.80;22352.80;22755.90;20969.80;16013.10;22349.50;22425.70;21465.30;21376.50;23732.10;22591.00;21634.80;20974.00;19807.90;489019.60
28;18683.90;18022.60;17332.00;16967.70;16695.10;16722.40;16895.70;17320.60;19694.40;22380.40;23494.00;23750.10;22483.40;20963.40;23086.30;25338.10;25042.00;24351.90;23493.90;24109.40;22800.60;21738.80;21049.90;20084.90;502501.30
1;19084.00;18359.90;17698.00;17137.40;16897.60;17022.20;17046.70;17859.10;20279.70;23027.50;22687.80;24184.30;23869.80;22880.10;23933.60;25991.60;25864.50;24933.60;24144.90;24596.60;23260.60;22282.00;21849.50;21027.40;515918.20
2;20168.20;19444.40;18817.60;18350.60;18015.50;17783.30;17620.60;17935.00;19697.50;22503.20;23716.70;23678.40;23042.70;21605.50;21963.70;23839.40;23646.20;22987.80;23208.00;23706.10;22625.80;21599.80;21133.30;20499.40;507588.80
3;19786.80;19162.10;18686.10;18176.60;17839.10;17528.20;17140.40;17124.70;18065.80;19817.80;20223.60;20557.30;20510.40;19378.30;19391.20;8987.90;18860.00;20126.70;20890.20;22060.70;21444.30;20926.70;20523.90;19114.20;456323.00
4;18060.00;17545.70;17630.80;17166.20;16870.30;16970.60;16996.60;17615.00;20110.30;22909.20;24411.30;24906.80;23821.90;22912.30;23991.20;25846.00;25826.60;24961.60;24235.80;24659.30;23369.70;22461.80;21892.00;20828.10;515999.10
5;19789.80;18920.60;18286.20;17846.80;17376.90;17257.70;17132.30;17771.00;20361.20;23249.60;24231.80;24246.30;23216.10;22489.70;23567.10;25553.80;25634.20;24678.70;24017.90;24146.80;22962.10;22075.00;21619.60;20585.20;517016.50
6;19533.20;18638.20;17970.60;17471.90;17140.60;17147.30;16746.20;17102.50;18916.10;21721.20;22857.20;23633.90;23003.00;22038.00;22979.60;25169.50;25338.10;24747.40;23690.70;23449.40;21578.00;21727.90;21147.90;20067.70;503816.30
7;19156.50;18371.80;17813.90;17292.20;16941.10;16877.80;16821.10;17798.20;20224.90;23174.30;24208.90;24509.00;23869.20;22803.30;23841.50;25779.20;25759.30;24810.20;23975.70;24295.50;22814.90;21987.80;21465.20;20429.30;515021.00
8;19454.80;18693.90;17951.00;17414.40;17073.60;17045.50;17006.10;17823.60;20433.20;23686.30;24867.40;25040.30;24156.60;23178.80;24216.90;26078.80;25787.50;24981.30;24208.50;24451.00;22924.10;21848.00;21470.10;20647.80;520439.70
9;19870.50;19143.90;18448.50;17636.20;11466.70;14771.10;15572.30;16590.40;19167.30;22532.30;23808.70;24109.10;23495.40;21875.10;22281.30;24156.10;24138.10;23340.30;23351.30;23938.90;22686.30;21569.20;21059.60;20382.20;495391.00
10;19668.90;19056.40;18467.70;17816.20;17419.60;17272.20;16981.30;17291.00;18574.70;20482.70;21848.40;21887.00;21708.20;20365.40;20509.00;20563.00;20679.30;21838.30;22469.40;23508.10;22700.00;22055.90;21452.60;20701.80;485317.40
11;19851.00;19276.80;18626.00;18105.10;17890.40;17883.90;17655.50;18403.20;21135.00;24013.70;25097.20;25406.20;24499.10;23465.40;24603.40;26645.00;26468.80;25501.00;24413.70;24787.50;23681.60;22822.30;22138.00;20933.30;533302.90
12;19858.50;19044.20;18296.40;17641.40;17213.00;17136.50;17150.80;18041.00;20583.40;23163.10;24303.40;24920.90;23771.90;22842.70;23958.60;25892.70;25970.30;25031.00;24167.20;24645.80;23504.20;22601.10;21845.90;20707.40;522291.20
13;19710.00;18951.00;18221.20;17657.40;17321.80;17223.40;17056.90;17959.90;19137.60;21552.50;22459.70;24374.60;23428.10;22417.20;23773.00;25692.00;25491.00;24712.20;23942.50;24263.20;23073.30;22290.40;21522.20;20377.90;512609.20
14;19125.90;18324.10;17701.70;17218.80;16805.10;16735.40;16614.10;17526.30;20184.50;23210.60;24444.60;24690.40;23581.00;22806.10;23968.10;25866.90;25686.20;24786.80;23848.60;24525.70;23553.00;22681.70;21971.40;20866.40;516723.50
15;19983.40;19259.90;18749.20;18322.20;18001.80;17928.10;17844.00;18825.70;21169.60;23801.90;25162.20;25308.80;24448.10;23648.10;24594.30;26689.50;26607.10;25681.40;24918.80;25200.80;23911.50;22727.80;22225.10;21405.90;536415.00
16;20588.30;19863.00;19250.80;18682.60;18368.60;18115.00;18052.20;18490.50;20298.20;23425.70;24287.60;24275.60;23422.40;21639.60;22305.40;24445.50;24650.80;23975.70;23778.30;24436.10;22727.90;21308.20;21269.00;20612.90;518269.60
17;19908.10;19240.90;18650.80;17991.00;17546.00;17351.90;16980.70;17337.00;18649.90;20268.10;21375.20;21572.70;21341.90;20010.40;20018.30;20290.60;20391.70;21280.40;21756.70;22581.10;21801.70;21415.40;21043.60;20258.30;479062.50
18;19456.10;18777.50;18250.60;17805.40;17481.60;17497.70;17339.10;18302.00;20925.90;23923.40;25136.20;25568.20;24673.20;23513.10;24328.70;25924.50;25902.10;24933.60;24000.10;24420.00;23065.50;22273.50;21789.80;20788.10;526075.80
19;19735.10;18876.40;18255.10;17799.70;17484.70;17266.40;17120.10;18122.30;20722.40;23865.70;24958.30;25479.90;24096.20;23343.10;24613.20;26442.00;26294.90;25455.80;24627.30;24521.80;23324.50;22653.90;22098.70;21047.40;528204.80
20;19563.70;18879.00;18684.00;18162.20;17830.70;17657.40;17616.70;18688.00;21258.80;24067.30;24579.00;24988.50;24093.70;23149.80;24841.30;26382.50;26077.00;25420.70;24821.50;25060.40;24008.60;23141.50;22194.70;20628.80;531795.80
21;20106.40;19336.20;18578.60;18076.40;17579.10;17509.10;17339.80;18544.70;21006.80;23723.60;24858.20;25456.60;24568.00;23609.50;24728.70;26518.90;26589.70;25842.90;24870.60;25395.60;24028.60;22727.80;22170.00;21031.70;534197.60
22;19958.00;19074.40;18288.30;17676.90;17279.80;17349.80;17392.70;18611.40;21143.70;24162.20;25370.00;25333.00;23380.50;21541.50;22319.80;24943.10;25155.80;24284.20;23589.90;23788.10;22502.90;21440.90;20736.40;19885.10;515208.70
23;19089.50;18222.10;17532.40;17010.40;16675.60;16480.20;16407.60;17260.10;19610.20;22457.70;23946.30;24185.40;23399.30;22040.10;22585.10;24299.40;24481.80;23958.70;23923.20;24354.50;22847.10;21700.70;21331.40;20830.00;504628.90
24;20178.40;19463.20;18830.10;18246.30;17892.40;17588.00;17109.30;17690.30;19135.90;21160.40;22574.70;22662.00;22404.60;21002.40;21101.50;21355.00;21387.20;22496.20;23043.60;23175.40;22411.40;22184.30;21816.10;21166.10;496074.80
25;20549.20;19820.60;19220.80;18520.10;18181.90;17937.30;17403.20;17924.20;19150.10;21246.60;22773.60;23023.20;22749.50;21162.50;21194.60;21203.10;21206.20;22307.30;22783.40;23897.50;23061.20;22388.40;22077.00;21227.00;501008.40
26;20409.80;19709.30;19021.40;18434.80;17989.70;17877.90;17759.70;18953.70;21684.40;24659.20;25831.20;26138.50;25367.80;24366.50;25456.00;27274.10;26916.40;26006.20;25150.20;25620.00;24253.00;23116.80;22476.90;21431.20;545904.80
27;20254.00;19527.50;18889.50;18364.10;18006.60;17847.60;17594.10;18923.80;21496.40;24533.40;25684.00;26098.30;25187.60;24280.20;25308.30;27105.30;27158.40;26314.20;25541.10;25965.60;24638.20;23656.90;23056.20;21671.60;547103.00
28;20572.40;19726.70;19093.40;18589.70;18192.10;18072.10;18032.00;19260.10;21673.40;24892.50;26055.30;26547.80;25515.10;24561.10;25759.80;27306.20;26571.20;25892.70;25048.50;25414.30;24215.00;23060.50;21705.30;21471.20;547228.50
29;20346.20;19474.60;18783.40;18367.00;17926.10;17872.90;16916.80;17605.90;18709.60;21693.50;22702.60;23657.20;22502.60;21396.70;22749.30;24944.20;24839.80;24085.10;23162.70;23562.50;22317.10;21277.10;20940.40;20450.30;506283.50
30;19612.20;18799.20;18144.70;17615.00;17320.10;17204.20;17025.10;17770.30;20037.10;23021.00;24127.80;23865.40;23694.20;22701.00;23240.50;24976.50;25011.10;24312.90;24149.40;24982.60;23328.40;21987.70;21570.60;20944.10;515441.20
31;20209.90;19379.90;18681.10;18179.80;17807.20;17432.10;16951.00;17623.20;18930.20;21059.80;22298.00;22830.10;22853.30;21588.90;21767.60;21742.10;21653.30;22688.10;23006.10;24046.90;23256.10;22690.60;22373.40;21568.40;500617.00
1;20716.90;19952.90;19271.50;18657.70;18317.00;18227.90;17990.60;18651.00;20412.50;22472.30;23174.80;23818.70;23297.50;22797.00;22771.20;26004.80;26178.50;25627.50;24777.20;25260.30;24157.50;23248.20;21850.90;20496.40;528131.10
2;20325.00;19533.60;18951.60;18463.80;18125.10;18135.50;18167.30;19222.90;21703.40;24523.50;25316.50;25512.80;24565.40;23787.40;24828.40;26651.70;26709.60;25773.70;24758.30;25061.50;23864.60;22863.90;22566.80;21416.60;540829.20
3;20311.50;19441.30;18757.50;18251.70;17874.70;17676.30;17609.30;18883.50;21495.40;24500.30;25655.80;26157.10;25237.00;23679.50;23436.00;24475.40;24610.50;24149.80;23556.60;24052.00;23031.90;22507.80;22092.90;21278.20;528721.90
4;20283.30;19482.30;18814.80;18303.50;17953.00;17822.10;17160.40;18578.50;20929.90;23932.20;24987.60;25514.20;24696.10;23630.50;24767.40;26448.40;26457.60;25147.20;24434.10;24662.40;22777.30;22176.20;21761.40;20580.50;531300.70
5;19602.70;18853.30;18145.60;17644.40;17187.60;17062.70;16994.50;18271.10;20764.60;23701.90;24660.10;25188.10;24464.20;23426.20;24527.80;26123.50;26052.60;25082.90;24556.50;24803.70;23356.70;22370.90;21988.90;21068.40;525898.80
6;20220.10;19463.70;18824.70;18227.70;17827.30;17603.80;17501.40;18342.10;20089.90;23120.00;24525.60;24900.00;24203.00;22539.60;22930.00;24547.70;24537.00;24087.70;24032.20;24478.20;23090.60;22133.70;22015.30;21184.50;520425.70
7;20490.40;19812.30;19176.30;18570.30;18096.50;17801.10;17409.70;18052.00;19232.00;21010.70;22190.90;22395.30;22049.80;20861.80;20924.40;20901.60;20850.80;21810.60;22254.40;23350.80;22383.30;21979.20;21852.80;21044.00;494501.40
8;20157.90;19417.60;18796.60;18287.20;18015.80;17890.30;17666.80;19020.50;21903.10;24865.50;25827.80;25973.80;25175.60;24032.90;25195.40;27134.90;27131.10;26190.70;25015.30;25279.30;24072.30;23199.50;22752.60;21565.60;544568.20
9;20448.80;19608.10;18953.40;18425.70;17972.10;17800.00;17681.40;16382.30;18667.50;21658.00;23687.70;24235.20;24772.80;23872.20;24883.50;27020.80;26911.30;26061.10;25096.10;25408.30;24165.10;23288.20;22692.30;21473.40;531165.30
10;20375.30;19594.90;18921.90;18373.10;17869.60;17763.80;17466.80;18806.20;21368.10;24260.90;25467.80;25830.80;24811.90;23861.00;25223.80;27322.80;27204.30;26214.70;25355.90;25785.00;24534.40;23594.50;22837.30;21657.20;544501.90
11;20626.50;19645.60;18857.80;18256.70;17815.70;17648.40;17536.80;18638.10;21532.30;24430.30;25655.00;25942.30;25057.20;24418.90;25412.50;27094.30;27007.60;26021.00;25246.80;25769.40;24458.50;23316.20;22758.90;22085.40;545231.90
12;20968.20;20167.80;19473.60;18893.90;18510.40;18359.10;18248.50;18292.10;20681.30;24014.00;25201.00;25459.60;24875.50;24737.00;25817.20;27465.20;27289.50;26437.60;25858.80;26188.30;24732.90;23587.40;23236.70;22336.60;550832.30
13;21401.50;20581.10;19946.20;19252.20;18896.80;18609.60;18213.10;19062.40;21123.70;24160.70;25204.70;25370.90;24762.00;23010.70;23504.50;25474.70;25473.80;24630.30;24556.00;25267.10;24003.50;22896.20;22548.90;21806.70;539757.30
14;21172.10;20411.20;19641.80;19093.60;18678.30;18391.00;17937.90;18677.10;19928.20;22222.10;23530.40;23461.80;23222.50;21483.30;21660.70;19128.50;20343.60;22601.10;23694.30;24615.00;23530.30;22979.40;22655.80;21864.30;510924.20
15;21037.10;20285.70;19597.80;19062.30;18757.80;18609.00;17737.00;19087.30;22171.40;25627.40;26756.80;26996.30;26222.30;24945.70;25915.20;27518.10;27519.70;26900.40;26226.00;26566.60;25326.30;24346.80;23962.20;22543.60;563718.90
16;21873.80;21047.70;19784.10;18269.70;19165.20;19024.60;18625.00;19911.30;22492.00;25533.50;26585.60;25569.20;25652.10;24481.80;25584.20;27609.80;27470.70;26581.20;25644.60;25983.00;24873.70;23937.70;23243.10;22151.20;561094.70
17;21073.70;20201.30;19336.10;18796.90;18442.50;18115.20;17831.40;19177.20;21695.90;24797.00;25757.40;26058.70;25350.90;24186.50;25122.50;26843.60;26356.30;24515.50;25023.70;25672.60;24674.80;23732.30;23295.60;22407.80;548465.30
18;21461.20;20730.40;19942.40;19254.40;18934.70;18587.20;18149.00;19027.20;20405.40;22692.20;23842.40;23935.20;23611.90;21710.00;21802.70;22323.20;22782.20;23310.40;23667.20;24622.80;23671.40;22729.30;22456.40;21987.20;521636.50
19;21194.10;20472.20;19809.20;19186.50;18785.40;18520.30;18087.90;18542.40;19644.20;20481.30;20827.20;21161.70;21329.50;20927.10;20936.60;21155.70;21641.50;22246.20;22873.20;23848.50;23327.10;22305.50;22150.10;21535.10;500988.20
20;20782.00;20010.00;19294.90;18744.40;18380.40;18196.90;17833.20;18777.50;20814.40;24194.20;25292.80;25655.10;24931.80;23112.40;23653.50;25539.80;25679.20;25113.30;25022.80;25684.80;24607.60;23211.70;22864.10;22208.20;539604.90
21;21533.70;20865.70;20241.50;19678.90;19288.00;19016.60;18458.60;19130.10;20560.20;22348.30;23457.00;23492.40;23316.70;21479.10;21630.60;21592.80;21521.00;22870.10;23490.10;24590.00;23474.90;22929.60;22709.90;22058.00;519733.60
22;21063.30;20303.90;19626.50;19142.30;18785.80;18664.80;18265.70;19615.20;22357.20;25508.60;26507.70;26678.00;25623.70;24267.10;25252.10;27116.80;26871.30;26115.00;25160.60;25577.90;24201.20;23338.60;22861.00;21720.20;554624.60
23;20620.40;19904.50;19162.10;18682.90;18349.00;18052.20;17649.60;19001.00;21621.60;24686.50;25880.20;26305.70;25252.50;24229.90;25020.30;26920.40;26747.00;25752.30;25005.70;25475.60;24269.70;23182.20;22696.50;21708.10;546175.90
24;20604.80;19708.60;18981.70;18415.00;17947.60;17800.50;17353.30;18700.70;21014.90;24002.50;25234.60;25974.60;25049.80;23980.10;25045.40;26918.20;26779.00;26133.30;25021.10;25413.40;24040.30;23084.30;22706.10;21555.60;541465.50
25;20407.90;19624.90;19012.90;18437.50;18046.10;17866.50;17642.70;18954.00;21412.10;24418.60;25490.30;26062.90;25195.90;24114.10;24953.10;26881.10;26708.80;25836.90;24876.70;25536.20;24179.50;23378.40;22937.10;21848.40;543822.60
26;20827.20;20023.60;19396.00;18821.90;18160.60;17713.80;17448.20;18864.00;21659.10;25107.60;26322.70;26464.10;25601.60;24532.40;25509.80;27416.70;23910.60;25955.10;25770.50;26339.10;25006.70;23935.40;23641.60;22759.60;551187.80
27;21702.50;20853.00;20200.50;19623.90;19217.40;18881.60;18526.50;19741.00;21586.90;25000.30;26223.70;26391.00;25532.60;24087.70;24594.30;26457.60;26457.20;25815.10;25601.00;26172.80;24811.20;23791.00;23637.10;23037.50;557943.50
28;22201.40;21556.00;20893.00;20271.00;19849.80;19536.10;19131.20;19919.00;20938.90;22757.20;24160.50;24357.70;24089.30;22514.10;22426.30;22228.60;22065.30;23408.00;23844.50;24887.20;23987.50;23542.00;23302.90;22474.70;534342.20
29;21564.40;20830.10;20187.30;19731.20;19415.10;19342.00;18966.60;18826.70;20802.10;25781.10;26875.50;27363.20;26286.20;25090.30;25051.60;26129.40;25128.30;27341.60;26215.90;26596.60;25332.50;24686.00;24130.40;23048.90;564722.80
30;21988.50;20929.50;20295.60;19928.90;19589.50;19515.30;19089.90;19872.00;22482.60;25447.50;26730.40;27275.10;26445.80;25387.00;26196.80;27898.90;27877.80;26972.70;25900.70;26382.30;24929.20;23877.70;23591.10;21820.30;570425.40
1;21797.10;21014.00;20342.60;19824.80;19476.70;19181.50;18739.20;19075.80;19818.40;19982.00;18703.60;19665.10;21609.90;21453.50;21532.80;21554.60;21340.70;21250.90;21683.80;23191.40;23283.80;23418.70;23203.60;22341.30;503485.80
2;21516.60;20840.80;19179.80;18229.60;18001.40;17748.90;18688.50;19699.50;22572.50;22555.20;23722.20;24412.20;26045.00;25148.60;26012.40;27448.80;27398.40;26770.50;25961.80;26553.20;24273.80;23520.20;23835.90;22611.20;552746.90
3;20200.40;19391.20;19726.30;19254.60;18958.50;19043.60;18574.50;19491.70;21715.30;24256.40;25278.50;26359.70;26079.60;24544.70;25014.00;26612.90;26697.40;26215.20;25765.40;26160.50;24598.70;23734.40;23572.90;22750.70;553997.30
4;21800.30;21050.20;20365.70;19797.30;19483.60;19427.30;19021.60;19690.90;21639.20;24542.20;25420.10;25799.10;25065.90;23036.20;23406.00;25264.20;25322.90;24879.60;25302.20;25698.00;24232.90;22196.00;20871.10;22128.60;545441.10
5;21596.60;20979.00;20220.00;19536.70;19034.80;19054.40;18601.50;19194.60;19954.70;21605.90;21381.10;23224.40;23158.50;21722.10;22065.60;22202.90;22331.10;23317.70;23573.80;24504.30;23618.90;23238.30;23018.00;22280.10;519415.10
6;21570.50;20825.90;20093.50;19582.50;19157.70;19050.60;18302.30;19379.00;22106.90;25113.50;26527.40;26984.90;26068.20;24948.60;26294.20;28206.00;28064.40;27281.40;26195.30;26555.70;25365.40;24553.50;24141.70;23096.00;569465.30
7;22083.10;21299.40;20663.20;20224.40;19694.80;19484.60;19017.50;18488.60;22799.80;25357.00;26607.60;27005.00;26107.10;25217.80;25909.10;27659.30;27549.80;26756.90;25848.10;26307.90;24948.20;24144.30;23673.00;22678.10;569524.70
8;20960.90;19187.90;18688.80;18873.70;18641.60;17331.70;17699.60;18693.30;21347.20;25188.60;26540.00;26492.80;25774.70;24711.00;25547.30;27325.50;27278.80;26410.70;25714.00;26380.80;24935.40;23985.20;23721.80;22639.90;554071.20
9;21526.40;20789.30;20156.10;19606.40;19244.50;19007.10;18682.60;19739.50;21808.20;24680.20;25958.00;26409.00;25660.00;24021.90;26051.00;27612.20;27167.50;26410.50;25887.00;26542.00;25206.60;24342.60;23904.80;22909.80;563323.40
10;21875.90;20984.80;20292.40;19695.00;19250.00;19068.40;18649.30;19230.60;21947.90;25084.00;26220.40;26756.00;26093.10;25364.30;26621.10;28443.90;28137.30;27523.20;26595.20;27002.60;25235.40;24112.20;24612.60;23799.80;572595.30
11;22957.00;22036.40;21233.80;20573.50;20228.50;19457.70;19135.70;20158.30;21920.50;25527.20;26964.70;26787.70;25573.30;24142.60;24535.30;26244.00;25972.30;25513.00;25882.70;26395.30;24841.00;23631.30;23685.30;23212.90;566610.00
12;22640.90;21910.90;21243.00;20637.50;20329.40;19999.70;19527.20;20302.80;21285.40;23100.50;24413.80;24249.70;24216.50;22448.80;22473.70;22662.00;22258.60;23853.30;24163.70;25117.70;24280.60;23895.60;23880.30;22129.20;541020.80
13;19886.30;20695.20;20154.70;19576.70;19295.00;19139.30;18904.80;20075.90;22965.70;26067.40;27270.20;28025.30;27024.20;25927.90;26525.90;28493.60;28481.20;27715.50;26817.90;27396.00;26140.00;25101.00;24658.10;23466.40;579804.10
14;22303.50;21615.90;20899.00;20244.40;19640.50;19298.30;19056.10;20525.90;23265.40;26093.70;27583.60;28155.00;27314.70;26231.30;27054.90;28853.30;28813.80;27874.90;27190.70;27919.30;26745.70;25753.70;25178.80;23968.10;591580.40
15;22847.80;21892.30;21245.70;20650.00;20208.70;19809.70;19554.50;20911.70;23467.60;26539.90;28007.20;28378.80;27503.90;26433.50;27122.10;28945.40;28856.30;28118.70;27313.20;28000.80;26715.70;24301.00;25257.60;24250.20;596332.30
16;23047.50;22085.10;21362.40;20768.90;20384.90;20059.10;19667.30;20626.80;23485.60;26531.10;27117.10;26963.70;26906.60;25859.50;26490.00;28702.30;28788.70;28004.30;27026.50;27644.20;26481.40;25548.10;25330.70;24354.60;593236.30
17;23031.70;22124.60;21413.70;20756.10;20296.80;19774.40;19666.60;20731.30;23325.70;26345.60;27497.90;28008.30;27234.80;26183.00;27249.60;28985.40;28726.80;27938.70;27187.80;27688.80;26321.50;25179.10;25105.10;24254.20;595027.40
18;23285.90;22540.70;21864.50;21342.80;20889.60;20358.70;19929.60;20751.10;22401.60;25572.30;26162.60;26145.90;25397.30;23330.60;23542.20;25314.70;25527.00;25187.70;25484.60;26287.50;25083.80;23963.70;23778.80;23314.70;567458.00
19;22597.10;22028.20;21391.40;20819.20;20561.10;20263.50;19675.30;20193.90;21302.70;23008.70;24346.50;24449.60;24173.40;22640.60;22622.10;22790.90;22822.90;23100.50;24466.80;25563.80;24653.80;23813.10;22720.90;21611.50;541617.40
20;20588.40;19688.70;18972.50;18547.10;18197.50;18048.40;17589.40;18634.80;21390.20;24623.10;25729.50;24304.00;23242.20;21735.20;21974.20;23573.40;24665.60;23815.90;22744.10;22822.00;21666.00;20323.20;19627.90;19702.80;512206.20
21;18863.60;18300.50;17085.70;16292.70;16897.60;16997.60;16893.20;17596.60;19904.00;19409.80;21684.10;23135.60;21939.80;20477.50;21137.80;22976.30;23637.00;23428.90;23166.10;23986.20;22939.40;22092.70;21648.90;20735.00;491226.30
22;19789.90;19130.00;18592.70;18233.00;17519.70;17728.00;17841.10;18313.10;19606.70;21468.40;22277.60;22087.40;20800.60;19378.50;20249.20;22229.70;22581.70;22207.70;21976.50;22511.90;21537.40;20695.20;20249.50;19311.20;486316.90
23;18480.40;17702.50;17096.80;16863.10;16712.90;16787.90;16822.40;18364.10;20928.10;23996.30;24623.00;24898.80;23683.10;22268.40;23046.70;24642.80;24788.20;24359.70;24129.80;24544.20;23484.00;22652.40;21837.30;20611.30;513324.30
24;19354.20;18092.00;17643.40;17159.80;16904.50;16771.20;16755.50;17707.70;19599.20;22225.70;22835.10;22709.50;21632.10;18756.00;18450.60;20081.30;22148.40;22002.90;22093.00;22736.30;21761.10;20798.00;20439.00;19714.90;478371.40
25;18768.60;18226.60;17675.60;17063.20;16943.60;16902.90;16811.30;17291.10;18365.90;21195.20;22741.50;22790.00;21693.10;19891.60;20071.30;21428.20;21775.90;21656.30;22031.70;22915.80;21646.10;20736.40;20517.30;19581.60;478721.10
26;18006.50;17270.40;16346.50;16337.00;16208.00;16099.20;15847.80;16639.40;17569.30;19157.50;20905.20;21215.00;20670.80;19202.70;19004.90;17770.20;17881.20;19142.90;19862.20;20019.40;19566.00;19283.10;18747.90;17921.50;440674.80
27;17124.20;16566.20;16083.50;15724.40;15683.80;15919.30;15861.20;16830.30;18677.20;20342.00;20593.20;20601.60;19567.60;18393.80;18997.40;20949.20;21585.10;21276.50;20888.20;21463.30;20614.00;19722.40;19085.40;18161.80;450711.50
28;17225.30;16587.10;16084.60;15897.10;15732.50;15665.00;15578.20;16801.20;19315.70;22397.10;22939.50;24803.90;23837.50;22944.50;24045.40;26048.00;26218.70;25399.90;22252.60;24536.60;23930.40;22836.40;22070.90;20818.80;503966.90
29;19726.80;18851.50;18114.30;17592.80;17244.80;17106.10;16854.70;18673.10;21376.10;24433.20;25787.20;26194.30;25364.40;24542.30;25577.00;27412.70;27105.60;26273.00;25329.40;26117.10;24860.00;23871.60;23295.10;22070.80;543773.90
30;21031.50;20164.80;19560.80;19119.10;18642.90;18353.30;17937.00;18790.20;20718.60;23773.60;21140.70;23237.60;24143.50;23167.70;23812.90;26228.10;26855.30;26321.40;25538.00;23859.90;22789.90;23692.60;23483.10;22357.40;534720.00
31;21307.00;20397.40;19703.60;19108.30;18646.70;18347.40;18295.50;18443.10;20344.00;24963.60;26140.90;26702.00;25925.80;25021.00;25951.40;27578.00;27987.30;27803.80;26865.60;27496.30;26169.90;24923.60;24592.50;23524.80;566239.70
1;22528.50;21722.20;21036.30;20441.10;20055.60;19799.70;19503.20;20546.60;22468.60;25533.80;26298.70;26943.00;26410.00;24578.00;25018.00;26882.00;26234.10;25729.80;25840.50;26597.30;25418.40;24192.40;23940.00;23281.40;570999.50
2;22534.60;21707.20;21054.00;20508.90;20186.00;19856.70;19394.90;20310.90;21639.40;23523.90;24714.10;24782.90;24482.70;23048.70;23358.90;23411.90;23316.20;24628.70;24856.50;25967.70;24932.60;24212.70;24014.30;23415.30;549859.80
3;22581.10;21899.00;21160.90;20567.30;20205.70;19821.60;19226.70;20038.80;21496.30;23667.00;25147.70;25325.80;25174.60;22687.80;23025.40;23246.20;23429.50;24582.70;24900.10;25993.70;25414.90;25013.90;24816.90;23760.70;553184.30
4;22585.10;21882.90;21157.10;20650.60;20374.60;20039.30;19672.80;21345.80;24085.50;27147.60;28070.20;28455.80;27072.10;26376.80;27376.60;28844.90;28601.40;27226.10;26505.50;27464.90;26518.20;25700.20;25486.50;24325.30;596965.90
5;23139.50;22184.10;21390.50;20868.30;20489.10;20234.20;19895.70;21334.10;24046.00;26914.80;28011.10;28274.50;25791.40;26456.30;27353.30;29050.00;29056.60;28609.60;27695.80;28309.40;27308.90;26357.80;25920.30;24623.30;603314.70
6;23379.30;21414.30;19890.00;19839.00;20648.00;20252.70;19868.00;21240.00;23908.80;26899.20;27923.80;27807.80;26936.40;25818.80;26953.40;28982.60;28543.00;27784.00;27089.10;27852.30;26662.30;24203.60;24447.80;24283.40;592627.50
7;23068.50;22029.10;21107.40;20669.40;20249.10;20007.60;19617.90;20810.10;23176.20;26386.70;27526.70;27339.20;26094.40;24977.00;26184.90;26517.00;27079.60;26997.60;26335.10;26869.10;25719.70;24609.80;24286.10;23480.30;581138.60
8;22508.10;21674.60;21077.10;20548.20;20091.00;19776.10;19548.30;20592.60;22793.20;26121.30;27320.80;27541.80;26572.10;24798.30;25451.40;27411.20;27140.70;26071.10;25744.00;27149.20;25237.50;24258.90;24104.10;23336.30;576868.00
9;22472.40;21791.10;21009.40;20347.40;19891.50;19762.30;19548.60;20268.50;21454.60;23326.30;24437.50;24584.30;24555.00;23092.70;23097.60;23151.80;23333.80;24441.40;24810.50;25949.10;25176.40;24840.00;24737.40;23957.10;550036.90
10;22858.40;22041.10;21371.80;20865.90;20543.00;20244.40;19884.20;21343.70;22916.10;25773.70;27820.00;28431.50;27550.10;26359.90;27183.00;29040.30;28863.70;28125.50;27112.60;27794.50;26768.60;25963.20;25657.80;24449.10;598962.00
11;23285.20;22377.60;21756.30;21135.30;20721.90;20354.50;20175.60;21216.60;23297.80;26008.50;26732.80;26603.90;25345.60;23924.30;24714.30;26532.00;26379.70;26087.10;25695.00;26356.30;25478.60;24678.60;24342.50;23340.60;576540.50
12;22182.90;21330.00;20758.90;20306.90;20022.20;19790.20;19524.90;20397.80;22569.20;25687.10;26075.30;26014.70;24378.70;22375.20;22987.50;24867.00;25422.10;24998.00;24053.30;24852.30;23864.70;23142.90;22632.50;21728.20;549962.50
13;20779.70;20182.10;19460.00;19130.70;18865.00;18714.20;18682.10;20128.40;22377.50;25307.00;26868.90;27328.40;26223.50;25064.50;25863.50;28048.70;28210.80;27457.80;26231.00;26991.30;26001.90;25154.90;24825.90;23754.50;571652.40
14;22548.40;21731.90;20989.80;20321.50;19899.60;19686.50;19552.90;19638.50;22541.30;26624.80;27709.50;27978.90;27128.70;26090.60;27149.50;28942.30;28876.60;28036.40;27111.30;27764.20;26351.10;25194.10;24780.50;23964.20;590613.30
15;22931.90;22144.30;21466.60;20944.30;20482.40;20068.70;19684.20;20543.90;22769.40;25890.50;26875.30;27149.00;26593.30;24861.60;25374.40;27400.40;27623.10;27235.70;26884.10;27307.20;26187.70;24901.60;24619.00;24148.70;584087.30
16;23350.40;22640.30;22036.90;21469.00;21018.60;20528.90;20019.70;20805.90;21674.90;23568.30;25044.40;25009.60;24585.80;22771.10;22715.60;23071.60;23341.90;24524.50;24865.20;25842.60;24859.40;24608.60;24656.00;24147.10;557156.50
17;23380.80;22656.10;21989.60;21472.20;21065.20;20522.50;20224.30;21692.10;23916.20;26909.70;28322.70;28738.40;27586.60;26216.90;27231.10;29355.70;29321.30;28585.30;27773.20;28317.40;27221.90;26449.30;26119.80;25143.10;610211.20
18;24014.20;23111.50;22380.10;21853.00;21507.80;21220.20;20940.10;21206.90;22987.50;25336.30;26206.70;26010.70;25494.70;25678.10;27371.20;29616.00;29562.30;28994.80;27990.40;28784.80;27696.20;26515.40;26379.90;25406.50;606265.40
19;24162.30;23234.10;22541.60;22109.00;21731.30;21519.40;20991.40;22151.30;24669.50;27762.70;27167.70;25465.80;25529.30;25611.80;26791.50;29637.70;29997.90;29338.60;28191.70;28620.60;27353.00;26408.30;26161.00;25049.90;612197.30
20;24012.40;23272.20;22580.20;22010.70;21647.00;21487.30;21205.90;22305.00;24874.80;27960.90;28820.00;28179.30;27182.90;25732.60;26927.00;28966.50;28970.40;28335.10;27629.40;28158.50;27058.50;26301.50;25951.30;24928.90;614498.20
21;23818.70;23077.10;22102.20;21490.70;21140.50;20830.00;20795.40;21935.80;24291.90;27384.30;28221.50;28139.90;27588.40;26352.10;27162.90;29240.10;29322.30;28643.10;28062.30;28645.40;27294.60;26146.10;25962.90;25115.60;612764.00
22;24223.20;23362.00;22718.80;22090.30;21376.70;20768.00;20533.30;21377.40;23246.20;26405.10;26749.70;27384.40;27003.60;25259.00;25808.80;27801.90;27770.20;27092.00;26954.50;27773.00;26593.20;25441.50;25331.70;24879.90;597944.40
23;24176.60;23455.90;22642.90;21974.90;21539.30;21118.50;20763.50;21400.10;22566.00;24362.30;25722.30;25681.00;25482.20;23842.00;24216.50;24162.10;22629.70;24206.80;25015.60;26093.60;25113.50;24480.90;24399.90;23910.70;568956.60
24;23315.20;22647.10;22107.50;21677.60;21273.60;20833.70;20312.20;20880.00;21784.30;23783.80;25167.60;25442.60;25040.80;23228.50;23267.00;23289.80;23426.40;24855.50;25445.90;26618.40;25713.60;24713.00;22374.80;21666.70;558865.50
25;21521.60;22881.10;21739.40;21469.50;21122.30;20836.60;19556.60;21843.60;24688.10;27233.60;28288.80;28649.80;27137.90;25190.20;25590.90;25513.10;24952.00;24635.30;24243.90;23675.80;23216.60;23379.50;23418.50;22422.40;573207.20
26;21562.40;21004.90;20388.50;19958.20;19624.20;19420.50;9520.60;19387.90;22272.00;24964.00;25965.10;26083.70;24804.60;23493.30;24272.60;26149.70;26499.50;25999.00;25589.90;26395.20;25269.70;24349.80;24108.90;22997.70;550081.90
27;21967.60;21218.70;20455.50;19943.60;19558.40;19544.60;19331.60;20558.60;23049.20;25927.30;26998.10;27069.10;25917.10;24594.10;25317.10;27207.40;27583.70;27087.40;26440.30;26829.60;25583.20;24536.10;24390.40;23591.50;574699.90
28;22388.20;21627.40;20954.10;20336.30;20041.40;19718.50;19580.70;20674.00;23401.40;26437.70;27538.00;27648.10;26795.20;25444.10;26282.30;28231.80;28169.10;27458.80;26586.80;26732.10;25084.00;24267.60;24275.50;23475.90;583148.90
29;22318.10;21734.00;21126.80;20661.50;20288.10;19950.10;19669.50;20420.60;22238.70;25540.40;26715.30;26043.20;24973.10;24259.20;24754.40;26786.10;26683.30;26130.80;26377.90;26866.10;25708.70;24605.10;24582.90;23976.90;572410.80
30;23162.80;22383.60;21652.10;21308.10;21040.80;20679.90;20296.00;21111.70;22338.80;23993.00;25159.70;25044.40;24617.40;22394.50;22500.30;22646.50;22622.10;23904.50;24367.00;25521.80;24607.80;23948.90;23892.70;23393.40;552587.80
1;22798.10;22105.50;21492.40;20983.40;20689.90;20410.20;19996.30;20432.70;21330.00;23513.90;24659.40;24772.50;24554.00;22665.70;22701.60;22821.20;22790.70;24138.00;24482.20;25732.50;24837.00;24553.50;24415.70;23111.80;549988.10
2;21157.70;21660.60;21440.50;20889.60;20524.50;19879.10;19703.20;20777.90;23608.50;26232.30;25977.90;26872.00;26256.50;25101.00;25880.20;28005.50;27944.10;27392.10;26593.10;26877.20;25759.00;24686.10;24458.90;23466.60;581144.00
3;22417.60;21522.20;20840.10;20196.40;19823.50;19513.00;19188.60;20427.20;22821.30;26025.40;27129.50;27596.40;26670.90;25373.70;26117.00;28059.40;28211.80;27582.10;26621.70;27080.50;26075.70;25157.60;24754.40;23725.60;582931.50
4;22573.10;21714.30;21069.90;20411.90;19916.50;19544.50;19172.80;20359.90;23006.00;26247.10;27275.20;27490.90;26458.40;25294.50;26178.20;27785.20;27847.70;27084.80;26130.20;26606.90;25547.00;24679.40;24354.80;23494.80;580244.20
5;22445.00;21474.70;20433.30;19559.60;19323.40;19125.60;18908.10;19617.70;22002.60;25219.30;26260.40;26589.20;26323.20;25197.30;26084.60;27556.80;27489.70;26986.90;26161.40;26555.90;25526.80;24307.40;24315.40;23552.90;571017.30
6;22762.20;22059.30;21462.10;20989.20;20636.20;20238.30;19748.40;20921.20;22849.20;25692.80;26936.60;27147.90;26629.80;24901.90;25462.80;27186.10;26924.20;6372.90;19519.60;26890.20;26224.60;24957.30;24853.40;24149.10;555515.10
7;23420.40;22719.30;21962.20;21520.60;21231.10;20858.10;20196.70;20653.70;20922.90;22837.30;24512.30;24656.90;24272.20;22593.00;22681.20;22882.50;22831.30;24094.30;24411.60;25334.60;24485.50;24126.60;24175.20;23539.50;550919.00
8;22025.20;21204.00;20959.40;20576.80;20202.70;20020.40;19809.20;21196.10;23755.80;25892.30;27835.20;28185.20;26918.20;24214.50;26328.00;28545.90;28512.90;27750.30;26136.60;26178.90;26150.00;25325.40;25132.80;23990.30;586846.20
9;22751.30;21963.00;21160.20;20605.10;20159.80;19766.60;19398.90;20971.30;23261.20;25795.80;27478.60;28076.10;26995.10;26126.20;26989.50;29118.40;29160.00;28675.90;27440.10;27876.20;25543.70;25392.30;25147.60;23687.90;593540.80
10;22825.10;22037.10;21339.60;20610.20;20101.10;19591.20;19406.70;20682.00;22983.60;25866.40;26831.40;26771.50;26129.10;25208.40;26005.70;27598.20;27373.90;26739.90;26060.30;26715.60;24697.70;23155.00;24403.90;23712.50;576846.10
11;22542.70;21644.10;20697.40;20299.20;19900.30;19661.10;19309.40;20314.30;23138.90;26247.10;26686.30;26464.00;25138.30;23732.50;24673.10;26981.90;27294.90;26908.50;25926.70;26493.90;25184.10;24353.60;23992.80;22997.40;570582.50
12;21985.70;21201.10;20694.50;20178.30;19820.10;19586.20;19247.70;20603.00;23177.60;25986.00;27077.40;27316.00;26319.10;25389.50;26364.60;28046.00;27743.10;27105.90;26284.10;26572.40;25376.60;24212.40;24023.40;23365.60;577676.30
13;22489.60;21673.40;21046.70;20485.20;20165.80;19920.10;19434.80;20440.60;22356.30;25364.20;26443.90;26551.40;25841.00;24110.10;24420.60;26631.70;26693.00;25845.80;25648.90;26132.30;24957.90;23861.80;23606.20;23082.50;567204.10
14;21144.30;21869.70;21312.30;20718.40;20251.00;19761.70;19333.50;20286.30;21371.50;23320.30;24460.60;24505.00;23951.60;21969.80;21973.70;21592.80;21538.60;22908.70;23561.20;24788.60;24284.60;24066.80;23968.70;23282.40;536221.90
15;22271.00;21589.10;20982.30;20102.80;19336.80;19498.20;19089.90;20729.90;22430.40;24258.50;25442.80;25930.40;24823.20;23880.60;25337.60;27477.00;27769.00;26904.50;25672.00;26295.50;25084.60;24142.80;23812.50;22858.80;565720.40
16;21832.70;21046.80;13803.00;16088.50;17837.80;18701.30;18396.90;19860.30;22713.30;23959.20;25414.30;25905.20;25148.10;24718.90;25921.30;27351.90;27054.90;26141.20;25203.30;25710.10;25184.70;24782.10;24716.20;23734.90;551227.00
17;22546.70;21652.50;20968.30;20439.00;19883.80;19760.40;19393.70;20714.00;23556.70;25384.90;26000.30;26487.40;26782.30;26078.60;26873.80;29006.90;28873.50;27987.90;26951.00;27327.00;26200.30;25300.90;24970.20;23893.30;587033.40
18;22931.20;22115.60;21401.20;20850.80;20487.20;20252.90;19861.90;20134.30;22232.70;25138.70;26386.10;26443.40;25279.60;25071.70;26287.90;28801.30;28830.60;28109.20;26854.40;27424.90;26037.80;25043.40;24249.00;23640.10;583865.90
19;22687.30;21896.70;21268.70;20800.00;20450.70;20286.70;19885.80;21220.40;23519.20;26255.50;26468.60;27514.10;26263.70;25155.20;26292.90;28215.40;27799.40;27310.30;26533.50;27258.80;26428.40;25311.20;24979.00;24300.40;588101.80
20;23407.40;22639.00;21995.10;21514.20;21194.70;20844.10;20468.80;21051.30;21724.80;22193.50;22061.70;22052.10;21835.90;22032.10;22737.00;23626.20;24241.60;24261.60;24670.50;25602.90;25123.40;24677.10;24506.20;23884.70;548345.90
21;23164.30;22648.30;22060.00;21248.90;20786.60;20781.60;20162.90;20698.80;21860.30;23709.00;25073.20;25224.90;24991.00;21763.60;22466.40;23355.50;23577.60;25124.00;25558.20;26656.50;25638.00;25170.70;24981.70;24141.20;560843.20
22;23172.50;22340.60;21570.60;21106.00;20614.10;20337.60;20012.80;21337.50;24217.00;27226.90;28056.30;28415.80;26478.00;26512.00;27043.70;28770.10;28749.00;28367.80;27122.60;27789.80;26605.40;25810.60;25497.80;24396.40;601550.80
23;23058.30;22197.60;21511.10;20824.90;20326.10;19844.70;19189.10;20670.90;23399.20;26456.10;27543.10;27760.70;26654.80;25798.70;26793.60;28440.10;28485.30;27959.50;26744.40;27284.00;26296.20;25603.80;25396.20;24260.80;592499.20
24;22907.00;21880.30;20851.50;20105.30;19836.70;19867.30;19698.90;20860.40;23304.10;26122.60;27158.50;27554.00;26358.40;25375.50;26435.90;28603.80;28328.40;27715.20;26934.70;27647.50;26414.10;25609.40;25334.60;24242.30;589146.40
25;23084.40;22108.30;21463.20;20978.30;20559.10;20374.20;20207.20;21385.90;23710.80;26785.90;28086.70;28375.00;27296.60;26419.40;27234.70;29137.80;29011.00;28424.00;27282.30;27856.40;26593.90;25673.90;25602.00;24603.80;602255.00
26;23342.50;22420.90;21586.20;20936.30;20500.80;20305.20;19853.00;20222.40;16957.80;22704.40;25500.30;26865.60;26915.70;25970.40;27089.20;29005.20;28035.70;27027.90;26662.60;27183.10;25866.90;24671.40;24655.50;23730.30;578009.50
27;22779.70;21994.00;21378.30;21016.70;20631.40;20377.10;20003.70;20244.10;21157.20;24095.40;25679.40;26316.50;25842.40;24313.60;24622.60;26352.00;26279.40;25747.20;25919.20;25485.70;24321.70;23891.40;23920.90;23392.50;565762.30
28;22561.70;21891.60;21286.50;20872.60;20543.20;20336.00;19938.10;20117.00;21153.70;22662.80;23472.60;23708.00;23635.20;22977.80;23019.50;23052.80;22874.90;24026.00;24317.00;25406.70;24577.70;24299.50;24225.30;23338.00;544294.00
29;22450.60;21621.10;20835.90;20339.00;19842.10;19631.80;19203.60;20684.60;23615.30;26956.80;27956.60;28304.80;27208.00;26065.50;26989.70;28652.90;28588.90;27975.60;26701.10;26842.60;24838.10;24132.10;24038.10;22981.60;586456.20
30;21806.10;20880.30;20237.40;19692.40;19213.10;19034.90;18835.30;20322.00;23173.50;25777.90;27266.10;27453.20;26435.40;25678.40;26681.80;28507.40;28462.40;27845.40;26712.00;26988.50;25886.10;25011.40;24809.00;23704.00;580413.80
31;22490.40;21581.20;20817.90;20192.80;19678.80;19461.90;19060.60;20529.30;23363.80;26048.10;27174.80;27799.10;26823.30;24235.80;27082.00;29010.80;28837.50;28141.80;27269.20;27761.60;26626.90;25733.00;25461.00;24214.40;589395.90
1;23072.20;22090.90;21338.90;20634.10;20170.60;19743.20;19317.60;20868.20;23476.60;26844.10;27984.70;28157.10;27479.80;26326.00;27205.70;28864.10;28695.50;27871.00;27189.40;27985.70;26791.80;26268.40;26135.00;24601.50;599111.90
2;23669.50;22880.90;22061.60;21408.90;20291.00;20149.10;20141.20;21581.40;24378.20;27213.90;28282.40;28428.70;27299.90;25885.80;27562.50;29502.10;29466.10;28624.10;27608.30;28207.80;27139.20;26063.80;24454.20;22502.00;604802.70
3;23186.00;22773.70;22371.90;21716.80;21267.90;20993.10;20448.70;21365.30;23354.80;26164.20;27357.20;27480.10;26813.00;25072.50;25513.10;27379.90;27664.30;27014.50;26717.00;27398.70;26269.90;24908.50;24883.60;24325.50;592440.30
4;23513.40;22929.10;22207.30;21609.40;21094.70;20746.80;20339.30;21012.40;22297.30;23981.50;25209.60;25132.50;24720.10;23238.50;23388.80;23507.70;23631.20;24972.50;25536.70;26735.30;26103.20;25835.30;25831.50;24997.50;568571.70
5;23978.10;22986.30;22275.90;21787.30;21291.50;21018.60;20480.50;21870.50;24763.10;27915.60;28790.80;28748.30;27750.90;24698.70;26669.40;29275.10;29530.90;28618.40;27584.80;28312.60;27294.20;26656.10;25872.30;24494.30;612664.40
6;23263.80;22305.70;21518.60;20915.10;20560.30;20370.90;19803.10;21124.90;23759.00;26440.40;27675.80;28229.60;27914.50;26892.10;27585.00;28365.70;28986.90;29048.30;28033.60;28051.80;27064.10;26040.50;25865.20;24947.00;604761.90
7;23857.80;23079.90;22354.10;21746.70;20901.40;20590.20;20250.70;20665.00;21564.70;23326.20;24116.40;24225.00;24395.70;22897.90;23084.30;23130.40;23325.30;24161.60;24647.60;25758.70;24953.60;24436.70;24203.50;23429.10;555102.50
8;22386.00;21662.70;20979.10;20434.10;20059.60;19801.20;19586.90;20924.60;23760.40;27087.00;28051.40;28341.90;27459.70;26689.10;27441.70;29142.20;29443.40;28639.80;27677.40;28319.80;27288.80;26541.30;26178.70;25141.10;603037.90
9;23839.80;23002.50;22387.20;21872.50;21351.70;21101.30;20766.90;20713.50;22654.20;25763.70;26772.00;27314.70;27465.50;26649.20;27736.60;29460.60;29482.30;28843.30;28197.90;28706.40;27573.70;26708.70;26571.70;25669.10;610605.00
10;24501.40;23812.70;23065.40;22410.50;22024.60;21640.80;21102.70;21789.60;23577.60;25879.90;26852.30;27737.00;27041.10;25336.90;25751.50;27628.80;27767.00;27228.60;27161.60;28027.70;27036.00;25971.60;25987.60;25516.00;604848.90
11;24647.40;23767.40;23062.00;22372.80;21895.90;21551.30;20999.80;21604.80;22702.70;22681.10;24582.60;25304.40;25211.10;23565.50;23733.90;23603.50;23677.20;24787.00;25455.80;26623.80;25814.80;25449.20;25271.20;24503.10;572868.60
12;23403.60;22581.50;21778.50;21257.30;20782.10;20654.30;20120.60;20501.90;23455.50;26461.00;27507.10;27642.60;27672.80;27037.70;27897.80;29661.80;29445.70;28883.70;27805.50;28302.50;27361.10;26780.50;26337.60;25091.80;608424.70
13;23944.40;23051.00;22288.00;21758.20;21317.00;21045.00;20524.70;21882.80;24543.00;27572.50;28677.30;28838.10;27848.40;27028.10;28153.50;29877.40;29895.50;29114.70;28159.50;28893.50;27843.80;27255.10;26803.00;25727.00;622041.70
14;24443.60;23522.00;22832.40;22162.40;21686.00;21472.50;20958.20;22249.60;23238.60;26221.40;28625.70;28885.80;27343.40;25899.90;26646.60;28386.70;28248.80;27423.80;27302.70;27489.00;26453.80;26046.10;25810.50;24405.00;607754.50
15;22817.20;22163.90;21911.10;21494.70;21179.90;20917.70;20753.00;21751.00;23301.00;25705.70;26304.80;23125.60;22409.20;20904.20;21677.30;23625.30;24208.20;23976.50;23823.80;24345.50;23245.10;22290.50;21796.90;20793.10;544521.00
16;19921.50;19134.70;18494.80;18054.50;17922.80;17802.70;17979.20;17327.30;19436.90;22369.30;23792.00;23560.90;24162.00;24341.50;24741.90;26672.80;26657.80;25718.00;25171.10;25615.90;24519.30;23361.60;23008.00;22224.70;531991.10
17;21292.90;20582.00;19614.90;19212.50;18836.80;18616.80;18363.10;19307.20;21414.40;24531.30;25473.40;25855.40;25221.00;23418.90;24114.60;26053.00;26107.20;25525.90;25559.90;26063.20;24631.20;23653.80;23312.80;22452.30;549214.40
18;22078.40;21630.60;21074.00;20367.70;19920.40;19561.40;19184.10;19710.30;20553.60;22292.70;22600.20;23057.10;22773.20;21251.90;21695.70;21946.50;21597.70;23025.60;24085.90;24846.60;23807.90;23228.00;23129.20;22553.50;525972.00
19;21761.20;20894.30;20075.90;18994.60;18513.00;18340.50;18028.80;18132.30;18979.30;20643.70;21519.90;20799.40;21156.80;19593.00;20054.60;20268.70;20200.30;21628.60;22589.10;23742.80;23078.70;22663.70;22365.50;21693.50;495718.20
20;20781.00;20016.10;19487.70;19067.00;18705.00;18654.50;18521.00;20133.40;23041.90;26232.40;27369.20;27725.00;26892.80;25908.80;27048.10;28868.60;28993.70;28210.60;27110.60;27676.80;26732.70;25932.40;25536.70;24399.50;583045.30
21;23102.60;22139.00;21399.90;20910.80;20510.50;20205.20;19774.40;21048.30;23951.70;26779.10;27916.50;28453.10;27504.50;26598.40;27533.90;29363.20;29171.00;28578.10;27904.10;28385.90;27225.50;26534.10;26038.40;24983.10;606011.40
22;23684.20;22702.70;21977.50;21268.60;20627.60;20321.30;20025.20;19960.70;21772.30;25003.10;26386.50;28340.10;27512.50;26645.50;27679.10;29664.80;29567.40;28700.60;27597.10;28216.60;27056.20;26082.60;25666.50;24482.80;600941.40
23;23211.90;22250.10;21492.40;20914.10;20462.80;20167.40;19943.20;21404.00;24097.40;27039.20;28132.10;28669.70;27494.70;26777.60;27505.00;27930.60;28702.40;27954.20;27279.70;27836.00;26552.50;25600.70;25337.60;24453.70;601209.00
24;23344.70;22481.80;21559.90;20971.40;20605.20;20190.70;19759.20;20674.10;22857.70;26171.00;26740.40;27099.90;26722.70;25367.80;25803.40;27768.70;27850.80;27073.30;27202.60;27804.00;26498.00;23548.80;24930.40;24533.40;587559.80
25;23846.00;23151.30;22388.30;21896.20;21530.80;21230.60;20732.40;21409.10;22695.50;24528.70;25517.50;25612.20;25424.70;23526.10;23863.30;24170.70;23974.90;24912.50;25589.80;26800.10;26057.10;25747.60;25533.60;24657.60;574796.60
26;23851.30;23019.20;22265.00;21770.70;21311.90;21027.50;20557.40;21733.60;24475.50;27497.40;28568.50;28857.70;27922.50;26958.50;27870.00;29912.60;29856.70;29227.80;28225.70;28709.90;27682.20;26869.90;26118.30;25018.60;619308.40
27;23969.00;23083.50;22367.80;21833.30;21338.20;21080.90;20586.00;21931.40;24398.40;27427.00;28462.00;28363.00;27335.50;26723.10;27366.80;29125.00;28967.10;28405.60;27696.40;28284.20;27065.10;26102.00;25605.00;24490.70;612007.10
28;23312.30;22325.00;21573.10;21036.60;20612.10;20338.80;20099.20;19888.80;22193.00;24978.40;25802.40;27192.10;27640.40;26689.10;27615.50;29296.80;29200.20;28471.80;27652.70;28211.20;27027.40;26220.20;25823.40;24649.60;597850.10
29;23397.00;22453.00;21758.60;21148.90;20719.70;20449.20;20177.90;21449.80;24185.50;27109.60;28168.10;28523.00;27880.40;27095.40;27852.00;29471.90;29447.70;28346.00;27311.60;27967.40;26762.80;26072.00;25685.70;24721.50;608154.70
30;23468.00;22517.40;21644.90;20979.70;20435.20;20234.90;19766.70;20013.50;22908.40;26085.30;26976.80;27379.20;27595.70;26854.50;27772.80;29618.60;29517.50;28597.60;27790.80;28254.60;26946.90;26073.60;25791.80;24888.40;602112.80
31;23872.60;23093.90;22226.10;21466.80;21056.70;20764.60;20291.00;21218.60;23412.60;26569.90;27550.50;27785.60;27137.50;25522.00;26308.60;28244.70;28284.30;27653.50;27706.20;28019.00;26890.60;25863.50;25499.80;24982.30;601421.10
1;24199.50;23356.70;22742.70;22140.40;21571.10;21185.30;20705.50;21297.30;22446.00;24093.40;25005.20;24877.10;24590.10;23055.40;23263.30;23419.60;23341.40;24350.80;24898.30;26153.90;25442.20;25248.10;24982.70;24033.10;566399.20
2;23103.70;22301.50;21683.60;21152.90;20745.10;20460.90;20062.00;21460.40;24420.30;27318.70;28375.90;28813.20;27958.10;26983.70;27891.70;29670.50;29679.60;28676.30;27483.20;27991.80;27087.80;26225.80;25888.90;24862.10;610297.60
3;23510.50;22594.10;21798.20;21137.80;20631.50;20279.50;19942.80;21320.10;24196.00;27230.70;28445.70;28903.20;27962.40;26554.80;27873.30;29682.10;29705.40;28738.00;27875.90;28411.80;27229.40;26471.40;26119.80;25105.10;611719.40
4;23943.00;22964.70;21748.80;21195.30;20785.10;20679.00;20549.40;21775.50;22284.00;26139.50;28066.20;28607.60;27789.50;26510.70;27296.20;29154.30;29202.20;28218.90;27676.30;28106.20;27058.40;26521.60;26181.90;25213.50;607667.80
5;23949.20;23033.10;22197.70;21611.70;21111.90;20878.50;20502.80;21763.20;24495.10;27617.40;28527.80;27654.20;26215.60;25135.00;25619.30;27221.20;26198.30;25072.50;24703.10;20736.50;21546.70;22322.00;22631.70;22088.20;572832.70
6;21365.60;20521.60;19518.70;19306.80;18661.70;18834.60;18983.10;19267.30;20919.60;21987.20;24330.50;24668.10;23619.80;22885.80;24427.00;26388.10;26179.70;25693.90;25475.10;25942.80;24877.30;23734.50;23391.10;22690.40;543670.70
7;21769.70;21070.90;20366.60;19822.30;19477.00;19344.70;19109.10;20222.90;22632.40;26133.50;27200.20;27245.60;26617.50;24999.30;25433.10;27378.30;27363.00;26434.10;26525.70;27139.20;25704.90;24478.10;24308.80;23813.10;574590.10
8;23060.00;22294.90;21744.20;21099.50;20539.90;20250.20;19709.30;20642.90;22036.70;23761.10;25093.90;25109.30;24836.90;23299.90;23505.20;23603.90;23392.90;24515.40;25204.90;26235.50;25523.90;25306.00;25290.20;24475.20;560532.00
9;23553.30;22680.50;22055.60;21442.70;20969.30;20674.90;20242.80;21687.40;24798.40;27864.90;29019.10;29322.80;28332.90;27188.70;28155.20;30006.50;30026.50;29233.40;28488.30;28950.00;27864.90;27019.60;26613.50;25648.60;621839.70
10;24384.10;23364.90;22528.00;21915.80;21545.90;20905.00;20618.90;21947.80;24647.30;27728.30;28649.50;29059.60;28180.40;27373.30;28391.80;30161.30;29993.50;29102.60;28415.20;29110.80;27911.20;26962.10;26454.80;25375.30;624727.60
11;24365.50;23441.60;22640.80;22043.20;21490.00;21150.50;20719.50;22120.80;24884.20;27848.50;28986.30;29074.10;28313.30;27534.40;28341.10;30074.70;30052.40;29244.00;28663.60;29162.30;28043.90;27104.40;26763.30;25763.30;627825.50
12;24627.60;23595.20;22858.70;22227.90;21757.60;21414.90;21127.50;22523.10;25260.00;28229.40;29080.70;29303.30;28518.50;27313.80;28227.70;29905.30;29680.20;28890.60;28428.70;28617.30;27373.30;26670.00;26516.90;25564.10;627712.50
13;24438.40;23566.60;22724.10;22011.70;21554.80;21192.50;20718.50;22354.30;25147.90;28170.60;29426.20;29063.40;28049.70;26792.50;26364.80;25581.40;25616.60;25177.80;24972.20;25281.10;24154.50;23247.40;22820.90;22170.60;590598.50
14;21457.90;20731.40;19907.30;19118.90;18859.90;18747.60;18520.40;18492.60;19890.30;22689.60;24106.50;23637.90;22683.60;21138.20;21755.90;24067.20;24552.60;24294.60;24436.70;24415.70;23268.40;22538.30;22282.90;21545.00;523139.70
15;20527.80;19267.70;18712.20;18413.20;18702.90;18780.70;18721.90;19588.40;21144.40;23103.70;24659.10;24851.00;24446.50;22926.20;23152.30;23118.00;21817.20;21782.00;23778.10;23654.00;21731.90;21883.40;21055.80;20043.70;515862.20
16;19261.10;18628.50;18044.90;17617.30;17501.80;17577.70;17631.50;19002.60;22067.50;25759.80;26463.50;26702.40;25244.00;23832.10;24728.70;26362.30;26344.00;25359.30;25187.80;25450.80;24414.80;23508.90;23073.20;22067.50;541832.00
17;21140.80;20214.10;19594.10;19028.00;17780.70;17500.80;18158.90;20221.90;23256.80;26272.80;27274.70;27878.80;27392.80;26571.20;27725.50;29543.00;29566.20;28397.10;27848.80;28118.10;26672.80;25964.20;25406.00;24043.80;585572.00
18;22952.40;22101.30;21234.60;20694.90;20251.50;20031.10;19802.60;21236.90;24036.50;26589.20;26006.50;28649.60;28012.10;27309.50;28176.80;30057.50;29788.80;28970.00;28296.90;28516.10;27269.00;26413.90;25933.10;24674.50;607005.50
19;23314.00;22275.30;21405.10;20765.00;18932.30;18593.50;18363.40;19921.40;23145.80;26897.10;27690.60;28267.40;27396.10;26253.10;26945.00;28876.20;28659.70;28064.90;27415.70;27513.70;26110.40;25099.50;24587.00;23343.90;589836.30
20;22175.50;21167.30;20369.40;19731.60;19283.20;19109.20;18839.80;20559.10;23425.30;26635.30;27250.00;26924.90;25803.10;24861.10;25600.20;27277.10;27870.50;27257.30;26692.60;26822.30;25423.90;24174.10;23691.60;22559.70;573504.00
21;21758.00;20881.70;20095.10;19456.20;18969.50;18773.70;18444.10;19717.40;22226.60;25540.90;26763.80;27115.50;26490.10;24738.40;24404.90;26575.60;26707.50;26089.40;26446.70;27004.10;25567.70;24215.40;23786.50;22983.80;564752.70
22;22106.80;21111.40;20388.70;19926.40;19531.10;19257.70;18910.40;19980.20;21596.60;23551.90;24866.70;25074.60;24818.40;23100.30;23271.90;23298.20;23071.50;24215.70;24953.00;25568.80;24671.60;24341.40;24062.20;22845.10;544520.60
23;21762.80;21049.10;20266.70;19655.70;19200.70;19060.00;18758.00;20536.40;23853.30;27013.20;28327.60;28707.00;27845.40;26834.50;27782.50;29344.80;29051.40;28408.50;27656.00;27644.30;26408.70;25625.70;24914.10;23559.50;593266.00
24;22335.10;21342.90;20571.60;20067.00;19776.90;19579.00;19263.70;20522.20;23395.70;26215.20;27211.70;28473.20;27201.30;25652.00;26613.50;28723.40;28903.50;28276.30;27624.70;27701.70;26207.90;23194.20;24894.80;23593.70;587341.30
25;22369.40;21345.80;20664.10;20111.30;19691.00;19519.30;19217.50;21155.00;24060.10;27395.10;28487.70;28675.80;27602.60;27129.50;28384.20;29978.00;29748.20;29077.70;28477.80;28613.10;27076.30;26166.30;25702.00;24386.60;605034.60
26;23164.80;22140.30;21316.00;20708.50;20262.80;19952.30;19744.40;21457.90;24468.90;27502.90;28080.50;28066.20;26310.20;24361.40;25218.50;27341.30;27989.00;27556.90;27445.00;27515.50;26149.60;25246.90;25037.20;23887.00;590923.90
27;22650.20;21592.70;20755.10;20049.90;19598.90;19570.40;19440.10;20729.80;23275.90;27457.70;28375.50;28533.00;27384.50;26543.80;27547.20;29204.70;29104.30;28460.90;28075.60;28014.80;26533.00;25213.60;24515.00;23836.10;596463.00
28;23013.50;22258.20;21491.60;20754.10;20363.70;20167.70;19694.40;20641.90;22795.50;25478.80;26237.30;26892.00;26683.30;24680.10;24139.60;25818.20;26248.50;26082.50;27005.60;27371.10;25870.60;24496.30;24154.30;23306.70;575645.40
29;22765.70;22100.80;21469.10;20494.80;20021.00;20166.90;19004.30;12233.70;13022.60;14369.00;15452.30;20054.00;25025.70;23568.70;23564.50;23242.40;23202.90;24322.80;25436.20;26081.40;25107.80;24721.80;24472.30;23525.60;513426.50
30;22770.20;22018.20;21259.30;20533.40;19945.00;19598.00;18643.00;19918.90;22880.30;25798.00;27366.00;28012.70;27424.90;25609.10;25919.40;26241.80;25415.20;24749.10;24848.00;25352.60;24502.30;23438.90;22954.80;22014.30;567213.40
1;21108.40;20253.00;19399.00;19021.20;18670.90;18554.70;18212.70;19125.80;21345.30;24554.70;26016.70;26537.50;25460.20;24102.70;24931.60;26842.50;26772.90;26086.40;26019.40;26006.20;24733.20;23531.90;22932.60;21894.20;552113.60
2;20905.10;20111.10;19286.60;18773.40;18437.00;17786.20;17243.70;18024.30;20757.60;24679.70;25952.70;26160.00;23713.70;22252.70;23076.20;25781.60;26604.40;26043.70;25646.20;25411.40;23923.50;22911.50;22328.10;21321.70;537131.90
3;20197.50;19339.10;18543.50;18077.40;17731.30;17627.10;17552.70;19234.30;22346.20;25703.30;27015.70;27697.10;26713.90;25913.10;26871.30;28796.00;28740.40;27965.40;27531.10;27306.70;25867.30;24934.70;24618.20;23318.50;569641.70
4;21937.40;20833.20;20039.50;19382.40;18040.60;18749.20;18745.50;20590.20;23525.40;26763.40;27873.00;28052.50;27128.70;26252.50;27100.70;29070.70;28820.60;27904.10;27719.90;27752.50;26429.00;25232.90;24590.20;23719.30;586253.30
5;22746.90;21932.50;21148.70;20436.60;20166.80;20070.90;19698.60;20907.00;22767.50;26610.60;27826.60;28287.40;26778.60;23925.00;24557.00;26495.20;26702.90;26174.30;26897.70;26952.50;25379.70;24444.50;24138.10;23469.50;578514.90
6;22568.70;21684.00;21128.80;20587.80;20091.70;19676.90;19331.20;20479.00;22100.40;24148.70;25258.40;25368.30;24902.30;23395.70;23595.10;23547.60;23318.60;23355.80;24581.20;24944.90;24023.70;23571.30;23304.60;22553.70;547518.10
7;21741.60;20848.00;20079.00;19402.60;19050.60;19007.40;18914.80;16325.30;17308.60;22939.40;28100.90;28592.90;27708.90;26370.20;27289.10;29106.50;28947.60;28141.80;27774.20;27474.30;26009.70;25016.70;24713.00;23713.10;574576.30
8;22626.50;21683.40;21092.40;20677.10;20277.40;20181.60;20020.90;21547.20;24681.80;27939.80;28594.90;27931.70;26802.90;26192.40;27214.50;28656.80;28512.90;27940.70;28175.10;27920.70;26547.10;25528.90;25051.40;23906.90;599704.90
9;22946.90;22146.00;21553.50;20948.20;20421.90;20320.50;20309.90;21705.60;24484.80;27068.70;28143.60;28421.00;26651.10;26611.70;27565.50;29156.40;28415.00;27876.20;28166.40;28121.20;26673.10;25732.60;25293.50;24041.20;602774.50
10;22675.70;21431.80;20381.70;19697.60;19248.50;19143.70;19033.90;20180.80;23135.60;25839.70;27153.40;27767.10;26812.40;24211.70;24304.50;26199.40;26299.00;25740.50;25918.80;25840.40;24515.10;23661.90;23441.60;22513.00;565147.70
11;21586.30;20719.30;19988.70;19446.20;18466.60;17980.30;18276.70;19199.70;21337.90;24497.40;24918.70;24276.40;22769.70;21368.70;22254.10;24745.30;24902.70;24459.50;24454.70;23753.30;22406.10;21333.10;20960.50;20112.10;524214.00
12;19237.50;18457.70;17920.90;17582.30;17327.20;17208.30;17192.30;18027.60;19760.60;22518.30;23048.20;23785.00;23647.80;22551.40;23044.20;24916.30;24302.00;23518.40;24213.90;24226.90;22945.30;21645.90;21393.80;20923.30;509395.10
13;20377.90;19737.80;19161.90;18010.00;17463.70;17099.30;16854.90;17255.70;18311.40;20306.10;22015.80;21844.90;21136.30;19449.50;19131.40;18898.50;19008.90;20627.60;22263.30;22548.50;21585.30;21057.20;20839.90;20135.30;475121.00
14;19511.60;18945.00;18415.10;17907.50;17576.20;17327.70;17270.40;16267.60;16727.10;18776.70;20570.00;20701.60;20930.00;19870.10;19998.50;20185.40;20080.40;21496.90;22550.20;22066.10;21056.00;19703.50;20095.20;19252.30;467280.90
15;18480.60;17775.10;17073.90;16679.50;16400.40;16496.20;16496.30;17928.70;20635.10;23966.20;25851.00;26126.20;24307.90;22729.90;24419.90;26578.70;26533.70;25647.60;25269.90;24872.90;23611.10;22525.70;22237.80;21202.50;523846.80
16;20159.40;19371.80;18700.00;18042.40;17661.10;17651.90;17688.00;19649.40;22526.10;25305.90;26812.30;27266.20;26266.70;25550.90;26705.30;28406.10;28202.00;27235.90;26904.00;26851.30;25590.60;24415.60;24025.60;22778.20;563766.80
17;21562.20;20667.10;19995.00;19247.10;18823.10;18686.30;18277.30;18414.00;21981.60;25111.60;26558.30;28241.20;27363.50;26342.10;27315.00;28945.40;28287.50;26184.40;25903.70;24491.00;24291.50;23267.20;23135.90;22345.70;565437.60
18;21507.00;20787.70;20087.80;19447.60;18998.10;18788.30;18619.60;19022.70;21702.80;23082.40;23940.00;25090.40;24983.50;24617.40;25796.30;27085.00;27563.00;26711.80;26784.40;26593.10;24775.50;23391.70;22861.30;21933.50;554170.90
19;21121.00;20418.90;19981.40;19366.90;18926.20;18607.90;15903.30;18832.60;21515.20;24533.60;24576.60;25709.40;25272.80;23211.10;23514.20;25480.00;25481.30;24895.50;25586.30;25560.10;24206.90;23000.60;22963.40;22366.00;541031.10
20;21647.40;20771.00;19940.90;19544.10;19173.00;19036.00;18823.30;19583.40;20911.30;22941.10;24062.30;23974.00;23707.40;22301.80;22485.30;22561.70;22510.90;23508.30;24716.00;24849.10;23912.90;23760.10;23757.60;22875.40;531354.40
21;21857.30;20954.70;20336.50;19821.30;19442.10;19353.70;19079.40;20235.50;22776.90;25061.20;25342.70;25700.30;24296.70;22951.00;23126.90;25161.00;25642.10;25427.90;25619.30;25380.50;23969.70;22853.20;22086.50;21043.80;547520.10
22;19865.50;19109.60;18451.90;17912.00;17538.10;17364.50;17402.70;19140.80;22086.40;25243.10;26303.60;26443.20;25708.20;24982.60;25266.00;25540.00;26496.10;26159.80;26112.60;25642.00;24285.60;23241.40;22671.00;21389.00;544355.80
23;20441.00;19745.80;19004.70;18377.60;17783.90;17446.20;17422.50;18308.40;20755.30;23670.20;24820.00;25259.50;24654.30;23873.30;24584.20;26197.20;25749.50;25345.10;25678.80;25408.20;23873.70;22405.40;21953.10;21096.20;533854.20
24;20165.50;19363.90;18767.90;18350.10;17988.90;17922.90;17973.30;17900.50;20722.70;23714.20;24679.30;25061.10;25768.10;24646.10;25970.50;27804.70;26707.30;25163.80;25346.60;25208.00;24075.10;23284.40;23016.90;22137.60;541739.70
25;20850.80;20046.70;19397.80;18935.90;18724.90;18559.00;18553.90;20384.60;22793.30;24759.20;24804.40;24924.20;24327.40;23636.10;24613.70;26096.80;26212.30;25717.80;25986.00;25554.10;24156.10;23023.70;22583.90;21729.70;546372.40
26;20806.80;19907.20;19219.80;18593.70;18262.60;18031.70;17876.20;18654.70;19765.00;21805.80;22667.70;23076.30;23162.30;21639.40;21668.30;23170.50;23281.80;23022.00;23944.20;23696.60;22306.50;21307.10;20886.40;20387.70;507140.40
27;19767.00;19093.60;18588.50;18196.90;17815.30;17646.80;17455.80;18127.60;19321.20;20273.00;21043.10;21005.60;20621.50;20797.40;20657.70;19530.30;19633.70;20351.40;21535.20;21823.50;21624.90;21578.40;21345.10;20754.60;478588.30
28;20094.10;19458.20;19231.60;18890.10;18320.50;18606.50;18438.00;19616.10;21992.50;24991.30;26281.50;26802.20;25996.20;24816.40;25450.20;27251.70;27273.70;26378.00;26298.70;25940.80;24767.70;23785.50;23376.80;22454.10;556512.40
29;21482.30;20571.90;19799.10;19270.10;18981.70;18859.70;18760.20;19934.00;22406.70;25644.20;27243.10;27509.90;26273.70;25714.90;26346.60;27901.10;27619.50;26823.60;27044.20;26995.70;25744.90;24763.80;24123.50;22543.60;572358.10
30;21701.70;20951.70;20368.30;19918.80;19595.90;19387.90;19187.10;20016.90;22326.30;25700.50;27052.70;26296.00;22843.00;21490.20;21425.80;23012.70;23266.90;23585.00;24198.20;24349.00;23398.20;22560.90;21288.60;19938.00;533860.40
31;19423.10;19098.40;18608.60;18241.90;17960.70;17889.20;17986.90;18866.80;21333.90;24493.10;25273.90;25544.30;12294.00;23653.40;23020.50;24757.80;24820.10;24945.50;25414.50;25112.30;24090.00;23164.10;22847.10;21089.50;519929.70
1;20214.80;19293.90;18430.70;18225.20;18035.30;18182.90;18083.10;19536.90;22248.20;25441.00;26523.60;26632.10;25931.20;24921.10;25851.70;26834.00;26881.10;26328.50;26492.40;26202.70;24743.30;23512.50;23202.30;22323.20;554071.60
2;21402.60;20626.50;20051.90;19446.80;19069.10;18893.00;18575.80;19483.90;21765.70;25010.60;26181.20;26574.60;25993.30;24129.30;24465.30;26040.00;26039.10;25427.00;26316.00;25986.00;24193.50;22915.90;22583.50;22084.40;553255.00
3;21598.70;20977.70;19101.80;19433.90;19106.10;18965.30;18815.90;19317.00;20587.20;22576.70;23983.50;23914.50;23585.90;21652.70;21434.70;21585.00;21616.60;22891.40;24262.90;24471.80;23250.70;22707.30;22624.20;21881.10;520342.50
4;21308.30;20682.70;20124.90;19668.00;19241.80;18968.10;18544.80;18528.80;18883.40;21036.20;22615.10;23378.40;23674.70;21784.90;21749.20;21288.70;21305.50;22692.00;24046.80;24383.50;23293.50;22486.10;22033.30;21491.60;513210.20
5;20715.30;19971.80;19401.30;18931.30;17906.30;17758.50;17936.50;19013.90;21509.60;23893.60;24819.50;26299.10;24827.40;23231.70;23688.20;25521.30;25987.30;25837.50;26156.30;25943.80;24676.70;23755.20;22781.10;22370.90;542934.10
6;21447.30;20725.10;20150.10;19666.40;19393.10;19306.30;18202.80;18981.20;22525.40;24744.30;26156.80;25480.50;24373.10;23250.30;23102.40;25108.80;25530.40;25646.70;26158.00;26045.90;24773.50;23924.80;23459.60;22466.00;550618.80
7;21548.80;20790.00;20147.60;19734.30;19401.20;19168.70;19101.50;20503.60;22998.40;25852.00;26796.20;27047.80;26109.80;25418.80;26208.40;26577.40;26941.60;27105.70;27603.20;27261.70;26061.20;25274.10;24873.00;23767.30;576292.60
8;22668.40;21774.60;20757.30;20451.90;20089.60;19922.80;19767.50;21000.90;23557.60;26281.70;27328.50;27678.80;26994.50;26181.20;27056.30;28818.80;28052.00;27518.60;27655.60;26719.20;25642.30;24827.90;24690.40;23853.70;589290.00
9;22957.20;22105.80;21287.40;20535.80;20252.10;20020.20;19658.60;20554.40;22665.60;25286.30;26435.70;26695.00;25307.40;23827.10;24627.60;26158.70;26121.90;25701.90;26756.30;26600.60;25145.90;23885.20;23475.80;22934.10;568996.70
10;22349.50;21326.60;20690.40;20074.70;19611.00;19466.90;19205.70;19519.50;20427.90;22202.60;23954.30;24237.90;23973.30;22145.10;22313.10;22267.20;22196.00;23535.20;25176.10;25207.60;23993.00;23299.10;23177.20;22640.40;532990.10
11;22089.80;21424.10;20804.40;20211.90;19714.50;19428.10;19088.10;19741.90;20892.00;22860.10;24283.10;24678.40;24506.50;22669.90;22552.70;21995.90;22232.50;23696.30;25393.10;25504.10;24642.60;24228.90;23859.30;23054.10;539552.30
12;22045.50;21231.00;20514.90;19890.40;19398.50;19189.90;18625.80;18366.60;21204.80;23976.30;24862.30;25543.00;26319.10;25423.40;26495.10;28010.00;28097.00;27249.20;27217.30;26827.60;25510.60;24422.60;23995.70;22951.40;567367.90
13;21811.30;20924.20;20302.00;19751.00;19217.90;18542.00;18467.70;20021.50;22992.40;26004.30;27070.30;27410.30;26697.40;24546.20;25099.50;28276.00;28056.80;27147.50;27214.00;26884.90;25460.50;24711.80;24400.30;23286.10;574295.90
14;22156.80;21177.20;20312.20;19525.60;19119.50;18895.30;18694.20;19865.10;22823.30;26159.00;27019.40;27478.60;26118.50;24862.70;26120.50;27899.40;27790.30;27165.80;27148.30;26751.20;25269.20;24467.40;24165.60;23056.00;574040.90
15;21846.60;20877.00;20162.40;19641.60;19286.50;19212.70;19045.70;20304.40;23153.20;26218.30;27370.60;27607.90;26880.50;25863.80;26399.00;27729.80;27596.20;27102.50;27075.50;26473.40;25057.70;23955.50;23733.60;22737.50;575331.90
16;21679.10;20861.10;20157.40;19728.70;19153.90;18907.30;18261.90;19839.50;22011.60;25069.90;26179.10;26190.90;25944.10;24445.10;24090.00;25198.00;24864.70;24526.10;25478.30;25351.70;24259.30;23048.60;22555.70;21904.50;549706.40
17;21276.10;20692.30;20084.60;19490.40;19078.10;18659.00;17612.00;17533.60;19887.60;8171.00;22630.60;23520.90;23416.80;21670.00;21884.00;21929.90;21870.00;23049.10;24497.00;24627.20;23083.40;22214.30;21081.50;21794.00;499753.40
18;20809.70;18442.10;17368.40;17761.90;17794.80;17732.80;17637.20;18935.40;21765.40;24736.10;24609.00;25041.60;25434.10;24552.90;25174.20;26796.70;26928.50;26183.20;26137.00;25643.50;24074.50;22581.20;22663.90;21740.40;540544.60
19;20748.70;19933.50;19197.40;18652.80;18206.70;18125.50;17027.30;18145.70;21385.60;24882.50;26450.00;26559.80;25830.40;24346.50;25574.90;27348.90;26743.70;25179.50;25538.10;25365.90;24124.20;22297.10;22055.70;20970.30;544690.90
20;20096.00;19200.20;18674.00;18285.10;17968.50;17936.60;17937.20;19247.10;20877.40;23333.40;24234.00;25148.40;24725.00;23139.50;23722.10;25488.10;25448.30;24865.30;25150.70;25109.80;23939.50;22991.40;22433.10;21369.80;531320.60
21;20318.80;19492.30;18886.40;18419.90;18125.60;17788.00;17628.50;18382.00;20607.80;24417.80;25721.10;26236.10;25697.10;24604.70;25504.10;27177.50;26981.90;26088.90;26347.80;25994.70;24722.00;23821.20;23178.50;22116.90;548259.70
22;21008.00;19972.50;19282.60;18736.70;18232.00;18051.20;17906.90;19249.30;21924.30;24707.40;25834.90;26259.30;25779.60;24891.20;25667.80;27071.90;26660.40;26195.10;26576.50;26023.90;24626.90;23373.60;22896.70;21970.40;552899.10
23;20882.80;19995.30;19304.00;18645.00;18153.90;17985.30;17739.80;18848.50;21194.50;24720.90;25186.90;26048.20;25569.80;23886.80;24486.90;26263.30;26133.90;25585.80;26438.20;26343.20;24941.50;23621.00;23263.70;22617.10;547856.30
24;22032.60;21318.50;20630.70;19918.10;19206.60;18926.30;18622.00;19073.10;20305.00;22430.40;22379.50;24053.20;23834.30;21945.20;22086.00;22160.20;22086.10;23201.50;24431.50;24307.20;23185.20;23033.10;22754.00;22009.40;523929.90
25;21173.90;20395.90;19660.80;19115.10;18731.10;18524.00;18484.00;19713.00;22384.70;25507.80;26527.30;26842.30;26071.90;24772.10;25649.80;27357.50;27215.20;26441.20;26389.00;26254.80;24492.00;22966.30;23313.00;22353.70;560336.50
26;21024.20;20129.80;19750.40;19294.80;18914.80;18822.50;18801.40;19776.10;22761.00;25885.70;26449.40;27201.10;26735.10;25569.00;26438.50;27552.30;27983.40;27128.20;27459.30;27237.20;25976.60;25018.00;24868.10;23971.70;574748.60
27;22871.20;22075.00;21427.70;20919.30;20494.50;20463.80;20330.00;21453.30;24157.00;27096.60;28209.90;28489.20;27751.00;26595.70;27649.60;29377.10;28929.20;28179.50;28199.90;28064.90;26860.20;25816.20;25801.20;25034.40;606246.50
28;23849.40;22973.10;22215.30;21677.80;21226.20;21025.10;20788.90;21754.40;24126.80;27089.10;28176.30;28896.60;28150.50;27004.20;27812.00;29455.30;29154.00;28504.40;29034.20;26742.00;26647.60;25799.40;25716.20;24680.10;612499.00
29;23730.70;22868.90;22013.60;21399.10;20942.60;20833.90;20734.50;17494.30;18241.10;19911.00;20578.80;22739.30;26048.10;25751.90;27040.80;28901.80;28295.10;27529.20;27652.20;27049.10;25695.80;24306.30;24167.50;23379.00;567304.50
30;22509.90;21659.40;20982.00;20382.10;19983.30;19780.60;19607.20;20209.30;22068.80;25121.60;26072.90;26231.50;25716.10;24371.80;24278.10;11707.40;24558.60;24489.50;25896.10;25694.70;24577.60;22942.90;21401.70;22466.40;542709.60
1;21785.60;21122.60;20594.60;20050.50;19796.30;19412.40;19186.30;19697.90;20878.40;22840.40;24204.90;24132.90;23604.00;21698.00;21822.20;21894.10;21634.70;23067.70;24602.20;24726.30;23615.40;22940.00;22909.70;22427.60;528644.60
2;21747.60;21025.30;20200.20;19537.60;19228.90;19066.70;18881.10;19346.40;20861.90;24192.50;25978.20;26712.90;25656.30;24503.40;25391.20;27110.10;27020.00;26302.50;25935.80;25406.00;24201.70;23378.20;23068.70;21935.60;556688.60
3;20903.80;20253.50;19694.50;19080.00;18631.60;18407.20;18613.70;19831.40;22634.60;25577.40;26688.60;26887.80;26014.80;24878.60;25785.00;27479.60;27299.00;26610.90;26751.60;26311.70;24599.00;23532.50;23235.70;22469.80;562172.10
4;21480.00;20683.90;19988.80;19317.30;18941.00;18827.40;18863.60;20318.90;23031.20;10309.20;13226.80;26992.00;26732.90;25685.20;26291.80;28202.20;28141.80;27381.50;27591.30;27332.20;25830.50;24912.90;24551.00;23904.90;548538.40
5;22862.00;21478.10;20889.10;20380.90;20029.50;19822.40;19796.40;18701.20;21808.80;22982.10;24041.70;24772.10;25367.40;24725.50;25228.40;26968.60;26772.10;26109.40;26857.10;26066.20;25155.30;24190.90;23845.70;23022.30;561873.20
6;22221.80;21423.40;20417.90;19726.40;19445.70;19522.20;19533.50;19566.90;20676.70;22899.80;23946.50;25267.70;25334.50;24507.10;25683.30;27131.70;26908.20;26214.90;26192.40;25743.50;24451.80;23096.10;22747.50;22209.60;554869.40
7;21737.70;21202.50;20639.80;20090.50;19662.70;19517.30;19286.30;19711.90;21956.60;25064.80;26147.00;26595.80;24538.20;20656.00;23009.20;25290.10;25844.40;25412.30;25982.00;25743.90;24220.90;22707.90;22190.20;21727.50;548935.20
8;21325.40;20831.30;20178.80;19641.00;18628.10;18720.30;18608.70;19113.00;20047.70;22163.00;23163.90;23619.00;23571.90;21532.50;21630.80;21637.60;21537.60;22847.20;24320.20;24385.90;23115.10;22558.90;22000.00;21725.30;516903.20
9;20865.60;20384.40;19894.80;19489.10;19149.90;18965.60;18733.10;19793.10;22522.90;25664.80;26697.80;26891.60;26345.90;25085.10;26041.00;26627.20;27480.30;26250.00;26618.90;26109.10;24647.30;23740.70;23491.00;22711.80;564200.70
10;21897.00;21063.40;20258.10;19709.00;19269.00;19349.80;19221.00;20223.70;22672.60;25501.10;26516.10;26775.90;26122.20;24463.10;25649.90;27357.60;27060.20;26390.10;26834.10;26479.00;25152.50;24020.70;23622.70;22889.60;568498.70
11;22086.80;21420.90;20806.60;20262.50;19850.70;19315.90;19162.80;18511.70;20188.70;23340.90;24767.50;25685.10;25545.50;24496.50;24876.60;26156.70;21305.10;24147.80;25965.10;25755.70;24535.30;23406.70;23177.50;22335.00;547103.40
12;21456.80;20656.00;19970.60;19473.90;19202.20;19004.10;18881.00;19208.30;21389.00;24690.10;25890.50;26310.90;25950.90;24890.60;25867.20;27514.10;27331.80;26551.70;26795.20;26494.40;25191.30;24055.00;23528.60;22800.90;563105.30
13;21812.60;21008.00;20214.10;19694.10;19378.00;19023.20;19150.40;19019.00;20034.00;22229.60;23450.90;24128.00;25129.70;24866.00;25589.60;27148.20;26485.10;25989.90;26059.10;25687.90;24287.90;22937.10;22495.70;21859.00;547677.20
14;21171.60;20359.80;19619.10;19041.20;18693.80;18459.00;18350.70;19078.90;21174.60;24221.70;25462.10;25451.10;25304.70;23829.30;24475.30;25963.00;25897.70;25390.20;26068.00;25985.80;24608.80;23037.10;22626.90;21890.80;546161.10
15;21261.30;20699.20;20116.60;19588.10;19193.20;18893.80;18631.80;19094.40;20529.30;22608.90;24194.50;24426.50;23782.60;21892.10;21830.20;22056.20;21901.50;23135.40;24498.50;24722.10;23621.30;23001.40;22934.80;22425.10;525038.90
16;21797.60;21007.30;20284.50;19738.20;19325.30;19146.30;19156.30;20119.50;22898.10;26109.90;27274.90;27590.00;27035.70;25946.80;26705.20;28439.60;28143.80;27670.50;27532.50;27030.90;25664.60;24564.80;24587.90;23915.90;581686.30
17;22958.80;21964.50;21279.20;20720.20;20260.90;19969.10;20054.70;19541.20;21530.90;24377.50;25370.00;26818.40;26092.20;24623.60;25696.80;27502.90;27255.90;25948.50;27152.00;26858.10;25191.00;23894.20;23997.10;23253.60;572311.30
18;22135.10;21347.70;20760.10;20036.40;19208.70;18727.90;18896.50;16798.00;21542.70;25309.10;26908.90;26382.90;26115.60;24928.30;25871.00;26814.60;27067.70;26374.60;26778.50;26505.00;25289.50;24316.70;24142.70;23487.20;565745.40
19;22470.50;21623.60;20998.10;20453.40;20040.10;19891.80;20064.20;20637.40;22705.70;25522.90;26154.20;26400.30;25522.30;24067.10;25329.90;27105.10;27063.40;26506.70;26828.20;26461.50;25252.70;24345.80;24381.30;23695.70;573521.60
20;22280.90;21587.00;20984.60;20433.30;20103.40;19967.00;20087.30;20208.20;22352.20;25757.50;26832.00;27150.20;26641.60;25357.70;25702.40;26747.60;26405.90;26148.70;26842.10;26785.90;25382.60;24054.10;23994.80;23246.90;575053.70
21;22067.20;21735.00;21201.10;20666.20;20261.80;19706.30;19694.90;20164.90;21795.20;24009.10;24903.40;25009.10;24549.40;22473.90;22522.00;24197.60;24325.10;24030.40;25094.30;24908.30;24237.20;22442.90;22148.00;20648.70;542792.10
22;21398.00;20787.30;20205.30;19637.60;19355.30;19202.40;19024.40;19091.30;20366.60;22658.60;24105.10;24065.50;23930.10;21998.20;21784.90;21966.50;21793.50;23012.50;24386.30;24535.90;23261.10;22640.00;22682.90;22196.20;524085.20
23;21591.50;20903.70;20313.30;19760.70;19370.60;19206.20;19272.40;20096.80;22467.10;25721.90;26413.20;25586.70;25469.50;24397.30;24508.30;26430.70;26488.10;26084.00;26272.10;25551.10;24418.40;23384.90;23303.00;22809.40;559821.00
24;22011.10;20887.60;19718.40;19236.90;18919.10;18577.70;18842.30;19506.90;21251.40;23769.90;24345.10;24050.10;22925.00;21455.70;21632.80;22674.50;22739.80;22579.70;23942.00;24157.90;22329.30;21119.10;20278.90;19657.40;516608.80
25;19242.10;18996.40;18889.40;18720.60;18562.80;18368.60;18230.80;17954.90;18448.60;19373.30;19840.50;20039.30;20083.30;19693.30;19668.30;19413.90;19321.50;19680.70;20896.50;21198.60;20873.70;20931.40;20958.90;20756.80;470144.40
26;20262.30;19713.00;19188.10;18715.80;18485.20;18365.60;18462.10;19144.10;21384.20;24601.40;25900.60;26306.10;25679.70;24226.10;25118.80;26819.40;26593.70;26071.40;26173.80;26280.90;25046.70;23989.50;23793.90;22945.40;553267.90
27;21762.80;20941.10;20263.20;19405.10;19006.80;18898.30;19032.00;19768.20;22147.50;25685.70;26716.90;26859.50;25705.40;23887.70;24428.40;26232.50;26565.10;26207.30;26419.70;26394.90;24940.80;23748.20;23428.90;22765.60;561211.70
28;21969.60;21394.00;20786.50;20275.60;19923.60;19801.10;19828.00;20360.20;21678.30;23345.50;25045.90;25138.60;24400.00;23750.20;24542.00;26294.00;26426.80;25999.50;26692.50;26721.90;25204.00;23608.90;23615.70;23235.30;560037.70
29;22723.90;22039.90;21396.80;20944.90;20451.70;20113.40;20026.30;20245.00;21746.50;24011.10;25376.70;25189.60;24906.00;23123.60;23094.20;23094.50;23155.20;24431.10;25801.30;26109.90;24925.00;24360.30;24309.50;23616.60;555192.90
30;22857.00;22121.80;21377.60;20729.70;20284.00;20087.00;20195.90;20918.00;23601.30;26947.00;28184.70;28121.20;27397.00;26318.40;26942.30;28304.90;28306.60;27614.10;27666.70;27519.40;26270.70;24876.20;24735.00;24106.00;595482.70
31;23139.60;22347.00;21504.90;20831.50;20406.80;20132.20;20132.80;20707.10;22677.50;25837.10;27124.80;26853.60;26607.60;25435.40;25439.00;25935.20;25650.50;25398.50;26431.30;26687.90;24267.60;22498.40;21427.60;20552.60;568026.50
